--
-- PostgreSQL database dump
--

SET statement_timeout = 0;
SET client_encoding = 'UTF8';
SET standard_conforming_strings = on;
SET check_function_bodies = false;
SET client_min_messages = warning;

--
-- Name: plpgsql; Type: EXTENSION; Schema: -; Owner: -
--

CREATE EXTENSION IF NOT EXISTS plpgsql WITH SCHEMA pg_catalog;


--
-- Name: EXTENSION plpgsql; Type: COMMENT; Schema: -; Owner: -
--

COMMENT ON EXTENSION plpgsql IS 'PL/pgSQL procedural language';


SET search_path = public, pg_catalog;

--
-- Name: contactmoment_medium; Type: TYPE; Schema: public; Owner: -
--

CREATE TYPE contactmoment_medium AS ENUM (
    'behandelaar',
    'balie',
    'telefoon',
    'post',
    'email',
    'webformulier'
);


--
-- Name: contactmoment_type; Type: TYPE; Schema: public; Owner: -
--

CREATE TYPE contactmoment_type AS ENUM (
    'email',
    'note'
);


--
-- Name: zaaksysteem_bag_types; Type: TYPE; Schema: public; Owner: -
--

CREATE TYPE zaaksysteem_bag_types AS ENUM (
    'nummeraanduiding',
    'verblijfsobject',
    'pand',
    'openbareruimte'
);


--
-- Name: zaaksysteem_status; Type: TYPE; Schema: public; Owner: -
--

CREATE TYPE zaaksysteem_status AS ENUM (
    'new',
    'open',
    'resolved',
    'stalled',
    'deleted',
    'overdragen'
);


--
-- Name: zaaksysteem_trigger; Type: TYPE; Schema: public; Owner: -
--

CREATE TYPE zaaksysteem_trigger AS ENUM (
    'extern',
    'intern'
);


SET default_tablespace = '';

SET default_with_oids = false;

--
-- Name: adres; Type: TABLE; Schema: public; Owner: -; Tablespace: 
--

CREATE TABLE adres (
    id integer NOT NULL,
    straatnaam character varying(80),
    huisnummer smallint,
    huisletter character(1),
    huisnummertoevoeging character varying(4),
    nadere_aanduiding character varying(35),
    postcode character varying(6),
    woonplaats character varying(75),
    gemeentedeel character varying(75),
    functie_adres character(1),
    datum_aanvang_bewoning date,
    woonplaats_id character varying(32),
    gemeente_code smallint,
    hash character varying(32),
    import_datum timestamp(6) without time zone,
    deleted_on timestamp(6) without time zone
);


--
-- Name: adres_id_seq; Type: SEQUENCE; Schema: public; Owner: -
--

CREATE SEQUENCE adres_id_seq
    START WITH 1
    INCREMENT BY 1
    NO MINVALUE
    NO MAXVALUE
    CACHE 1;


--
-- Name: adres_id_seq; Type: SEQUENCE OWNED BY; Schema: public; Owner: -
--

ALTER SEQUENCE adres_id_seq OWNED BY adres.id;


--
-- Name: bag_ligplaats; Type: TABLE; Schema: public; Owner: -; Tablespace: 
--

CREATE TABLE bag_ligplaats (
    identificatie character varying(16) NOT NULL,
    begindatum character varying(14) NOT NULL,
    einddatum character varying(14),
    officieel character varying(1) NOT NULL,
    status character varying(80) NOT NULL,
    hoofdadres character varying(16) NOT NULL,
    inonderzoek character varying(1) NOT NULL,
    documentdatum character varying(14) NOT NULL,
    documentnummer character varying(20) NOT NULL,
    correctie character varying(1) NOT NULL
);


--
-- Name: TABLE bag_ligplaats; Type: COMMENT; Schema: public; Owner: -
--

COMMENT ON TABLE bag_ligplaats IS '55 : een ligplaats is een formeel door de gemeenteraad als zodanig aangewezen plaats in het water, al dan niet aangevuld met een op de oever aanwezig terrein of een gedeelte daarvan, dat bestemd is voor het permanent afmeren van een voor woon-, bedrijfsmatige- of recreatieve doeleinden geschikt vaartuig.';


--
-- Name: COLUMN bag_ligplaats.identificatie; Type: COMMENT; Schema: public; Owner: -
--

COMMENT ON COLUMN bag_ligplaats.identificatie IS '58.01 : de unieke aanduiding van een ligplaats.';


--
-- Name: COLUMN bag_ligplaats.begindatum; Type: COMMENT; Schema: public; Owner: -
--

COMMENT ON COLUMN bag_ligplaats.begindatum IS '58.91 : de begindatum van een periode waarin een of meer gegevens die worden bijgehouden over een ligplaats een wijziging hebben ondergaan.';


--
-- Name: COLUMN bag_ligplaats.einddatum; Type: COMMENT; Schema: public; Owner: -
--

COMMENT ON COLUMN bag_ligplaats.einddatum IS '58.92 : de einddatum van een periode waarin er geen wijzigingen hebben plaatsgevonden in de gegevens die worden bijgehouden over een ligplaats.';


--
-- Name: COLUMN bag_ligplaats.officieel; Type: COMMENT; Schema: public; Owner: -
--

COMMENT ON COLUMN bag_ligplaats.officieel IS '58.02 : een aanduiding waarmee kan worden aangegeven dat een object in de registratie is opgenomen als gevolg van een feitelijke constatering, zonder dat er op het moment van opname sprake is van een formele grondslag voor deze opname.';


--
-- Name: COLUMN bag_ligplaats.status; Type: COMMENT; Schema: public; Owner: -
--

COMMENT ON COLUMN bag_ligplaats.status IS '58.03 : de fase van de levenscyclus van een ligplaats, waarin de betreffende ligplaats zich bevindt.';


--
-- Name: COLUMN bag_ligplaats.hoofdadres; Type: COMMENT; Schema: public; Owner: -
--

COMMENT ON COLUMN bag_ligplaats.hoofdadres IS '58:10 : de identificatiecode nummeraanduiding waaronder het hoofdadres van een ligplaats, dat in het kader van de basis gebouwen registratie als zodanig is aangemerkt, is opgenomen in de basis registratie adressen.';


--
-- Name: COLUMN bag_ligplaats.inonderzoek; Type: COMMENT; Schema: public; Owner: -
--

COMMENT ON COLUMN bag_ligplaats.inonderzoek IS '58.93 : een aanduiding waarmee wordt aangegeven dat een onderzoek wordt uitgevoerd naar de juistheid van een of meerdere gegevens van het betreffende object.';


--
-- Name: COLUMN bag_ligplaats.documentdatum; Type: COMMENT; Schema: public; Owner: -
--

COMMENT ON COLUMN bag_ligplaats.documentdatum IS '58.97 : de datum waarop het brondocument is vastgesteld, op basis waarvan een opname, mutatie of een in de historie plaatsen van gegevens ten aanzien van een ligplaats heeft plaatsgevonden.';


--
-- Name: COLUMN bag_ligplaats.documentnummer; Type: COMMENT; Schema: public; Owner: -
--

COMMENT ON COLUMN bag_ligplaats.documentnummer IS '58.98 : de unieke aanduiding van het brondocument op basis waarvan een opname, mutatie of een verwijdering van gegevens ten aanzien van een ligplaats heeft plaatsgevonden, binnen een gemeente.';


--
-- Name: COLUMN bag_ligplaats.correctie; Type: COMMENT; Schema: public; Owner: -
--

COMMENT ON COLUMN bag_ligplaats.correctie IS 'het gegeven is gecorrigeerd.';


--
-- Name: bag_ligplaats_nevenadres; Type: TABLE; Schema: public; Owner: -; Tablespace: 
--

CREATE TABLE bag_ligplaats_nevenadres (
    identificatie character varying(16) NOT NULL,
    begindatum character varying(14) NOT NULL,
    nevenadres character varying(16) NOT NULL,
    correctie character varying(1) NOT NULL
);


--
-- Name: TABLE bag_ligplaats_nevenadres; Type: COMMENT; Schema: public; Owner: -
--

COMMENT ON TABLE bag_ligplaats_nevenadres IS 'koppeltabel voor nevenadressen bij ligplaats';


--
-- Name: COLUMN bag_ligplaats_nevenadres.identificatie; Type: COMMENT; Schema: public; Owner: -
--

COMMENT ON COLUMN bag_ligplaats_nevenadres.identificatie IS '58.01 : de unieke aanduiding van een ligplaats.';


--
-- Name: COLUMN bag_ligplaats_nevenadres.begindatum; Type: COMMENT; Schema: public; Owner: -
--

COMMENT ON COLUMN bag_ligplaats_nevenadres.begindatum IS '58.91 : de begindatum van een periode waarin een of meer gegevens die worden bijgehouden over een ligplaats een wijziging hebben ondergaan.';


--
-- Name: COLUMN bag_ligplaats_nevenadres.nevenadres; Type: COMMENT; Schema: public; Owner: -
--

COMMENT ON COLUMN bag_ligplaats_nevenadres.nevenadres IS '58.11 : de identificatiecodes nummeraanduiding waaronder nevenadressen van een ligplaats, die in het kader van de basis gebouwen registratie als zodanig zijn aangemerkt, zijn opgenomen in de basis registratie adressen.';


--
-- Name: COLUMN bag_ligplaats_nevenadres.correctie; Type: COMMENT; Schema: public; Owner: -
--

COMMENT ON COLUMN bag_ligplaats_nevenadres.correctie IS 'het gegeven is gecorrigeerd.';


--
-- Name: bag_nummeraanduiding; Type: TABLE; Schema: public; Owner: -; Tablespace: 
--

CREATE TABLE bag_nummeraanduiding (
    identificatie character varying(16) NOT NULL,
    begindatum character varying(14) NOT NULL,
    einddatum character varying(14),
    huisnummer integer NOT NULL,
    officieel character varying(1) NOT NULL,
    huisletter character varying(1),
    huisnummertoevoeging character varying(4),
    postcode character varying(6),
    woonplaats character varying(4),
    inonderzoek character varying(1) NOT NULL,
    openbareruimte character varying(16) NOT NULL,
    type character varying(20) NOT NULL,
    documentdatum character varying(14) NOT NULL,
    documentnummer character varying(20) NOT NULL,
    status character varying(80) NOT NULL,
    correctie character varying(1) NOT NULL
);


--
-- Name: TABLE bag_nummeraanduiding; Type: COMMENT; Schema: public; Owner: -
--

COMMENT ON TABLE bag_nummeraanduiding IS '11.2 : een nummeraanduiding is een door de gemeenteraad als zodanig toegekende aanduiding van een adresseerbaar object.';


--
-- Name: COLUMN bag_nummeraanduiding.identificatie; Type: COMMENT; Schema: public; Owner: -
--

COMMENT ON COLUMN bag_nummeraanduiding.identificatie IS '11.02 : de unieke aanduiding van een nummeraanduiding.';


--
-- Name: COLUMN bag_nummeraanduiding.begindatum; Type: COMMENT; Schema: public; Owner: -
--

COMMENT ON COLUMN bag_nummeraanduiding.begindatum IS '11.62 : de begindatum van een periode waarin een of meer gegevens die worden bijgehouden over een nummeraanduiding een wijziging hebben ondergaan.';


--
-- Name: COLUMN bag_nummeraanduiding.einddatum; Type: COMMENT; Schema: public; Owner: -
--

COMMENT ON COLUMN bag_nummeraanduiding.einddatum IS '11.63 : de einddatum van een periode waarin er geen wijzigingen hebben plaatsgevonden in de gegevens die worden bijgehouden over een nummeraanduiding.';


--
-- Name: COLUMN bag_nummeraanduiding.huisnummer; Type: COMMENT; Schema: public; Owner: -
--

COMMENT ON COLUMN bag_nummeraanduiding.huisnummer IS '11.20 : een door of namens het gemeentebestuur ten aanzien van een adresseerbaar object toegekende nummering.';


--
-- Name: COLUMN bag_nummeraanduiding.officieel; Type: COMMENT; Schema: public; Owner: -
--

COMMENT ON COLUMN bag_nummeraanduiding.officieel IS '11.21 : een aanduiding waarmee kan worden aangegeven dat een object in de registratie is opgenomen als gevolg van een feitelijke constatering, zonder dat er op het moment van opname sprake is van een formele grondslag voor deze opname.';


--
-- Name: COLUMN bag_nummeraanduiding.huisletter; Type: COMMENT; Schema: public; Owner: -
--

COMMENT ON COLUMN bag_nummeraanduiding.huisletter IS '11.30 : een door of namens het gemeentebestuur ten aanzien van  een adresseerbaar object toegekende toevoeging aan een huisnummer in de vorm van een alfanumeriek teken.';


--
-- Name: COLUMN bag_nummeraanduiding.huisnummertoevoeging; Type: COMMENT; Schema: public; Owner: -
--

COMMENT ON COLUMN bag_nummeraanduiding.huisnummertoevoeging IS '11.40 : een door of namens het gemeentebestuur ten aanzien van  een adresseerbaar object toegekende nadere toevoeging aan een huisnummer of een combinatie van huisnummer en huisletter.';


--
-- Name: COLUMN bag_nummeraanduiding.postcode; Type: COMMENT; Schema: public; Owner: -
--

COMMENT ON COLUMN bag_nummeraanduiding.postcode IS '11.60 : de door tnt post vastgestelde code behorende bij een bepaalde combinatie van een straatnaam en een huisnummer.';


--
-- Name: COLUMN bag_nummeraanduiding.woonplaats; Type: COMMENT; Schema: public; Owner: -
--

COMMENT ON COLUMN bag_nummeraanduiding.woonplaats IS '11.61 : unieke aanduiding van de woonplaats waarbinnen het object waaraan de nummeraanduiding is toegekend is gelegen.';


--
-- Name: COLUMN bag_nummeraanduiding.inonderzoek; Type: COMMENT; Schema: public; Owner: -
--

COMMENT ON COLUMN bag_nummeraanduiding.inonderzoek IS '11.64 : een aanduiding waarmee wordt aangegeven dat een onderzoek wordt uitgevoerd naar de juistheid van een of meerdere gegevens van het betreffende object.';


--
-- Name: COLUMN bag_nummeraanduiding.openbareruimte; Type: COMMENT; Schema: public; Owner: -
--

COMMENT ON COLUMN bag_nummeraanduiding.openbareruimte IS '11.65 : de unieke aanduiding van een openbare ruimte waaraan een adresseerbaar object is gelegen.';


--
-- Name: COLUMN bag_nummeraanduiding.type; Type: COMMENT; Schema: public; Owner: -
--

COMMENT ON COLUMN bag_nummeraanduiding.type IS '11.66 : de aard van een als zodanig benoemde nummeraanduiding.';


--
-- Name: COLUMN bag_nummeraanduiding.documentdatum; Type: COMMENT; Schema: public; Owner: -
--

COMMENT ON COLUMN bag_nummeraanduiding.documentdatum IS '11.67 : de datum waarop het brondocument is vastgesteld, op basis waarvan een opname, mutatie of een verwijdering van gegevens ten aanzien van een nummeraanduiding heeft plaatsgevonden.';


--
-- Name: COLUMN bag_nummeraanduiding.documentnummer; Type: COMMENT; Schema: public; Owner: -
--

COMMENT ON COLUMN bag_nummeraanduiding.documentnummer IS '11.68 : de unieke aanduiding van het brondocument op basis waarvan een opname, mutatie of een verwijdering van gegevens ten aanzien van een nummeraanduiding heeft plaatsgevonden, binnen een gemeente.';


--
-- Name: COLUMN bag_nummeraanduiding.status; Type: COMMENT; Schema: public; Owner: -
--

COMMENT ON COLUMN bag_nummeraanduiding.status IS '11.69 : de fase van de levenscyclus van een nummeraanduiding, waarin de betreffende nummeraanduiding zich bevindt.';


--
-- Name: COLUMN bag_nummeraanduiding.correctie; Type: COMMENT; Schema: public; Owner: -
--

COMMENT ON COLUMN bag_nummeraanduiding.correctie IS 'het gegeven is gecorrigeerd.';


--
-- Name: bag_openbareruimte; Type: TABLE; Schema: public; Owner: -; Tablespace: 
--

CREATE TABLE bag_openbareruimte (
    identificatie character varying(16) NOT NULL,
    begindatum character varying(14) NOT NULL,
    einddatum character varying(14),
    naam character varying(80) NOT NULL,
    officieel character varying(1) NOT NULL,
    woonplaats character varying(4),
    type character varying(40) NOT NULL,
    inonderzoek character varying(1) NOT NULL,
    documentdatum character varying(14) NOT NULL,
    documentnummer character varying(20) NOT NULL,
    status character varying(80) NOT NULL,
    correctie character varying(1) NOT NULL
);


--
-- Name: TABLE bag_openbareruimte; Type: COMMENT; Schema: public; Owner: -
--

COMMENT ON TABLE bag_openbareruimte IS '11.1 : een openbare ruimte is een door de gemeenteraad als zodanig aangewezen benaming van een binnen een woonplaats gelegen buitenruimte.';


--
-- Name: COLUMN bag_openbareruimte.identificatie; Type: COMMENT; Schema: public; Owner: -
--

COMMENT ON COLUMN bag_openbareruimte.identificatie IS '11.01 : de unieke aanduiding van een openbare ruimte.';


--
-- Name: COLUMN bag_openbareruimte.begindatum; Type: COMMENT; Schema: public; Owner: -
--

COMMENT ON COLUMN bag_openbareruimte.begindatum IS '11.12 : de begindatum van een periode waarin een of meer gegevens die worden bijgehouden over een openbare ruimte een wijziging hebben ondergaan.';


--
-- Name: COLUMN bag_openbareruimte.einddatum; Type: COMMENT; Schema: public; Owner: -
--

COMMENT ON COLUMN bag_openbareruimte.einddatum IS '11.13 : de einddatum van een periode waarin er geen wijzigingen hebben plaatsgevonden in de gegevens die worden bijgehouden over een openbare ruimte.';


--
-- Name: COLUMN bag_openbareruimte.naam; Type: COMMENT; Schema: public; Owner: -
--

COMMENT ON COLUMN bag_openbareruimte.naam IS '11.10 : een naam die aan een openbare ruimte is toegekend in een daartoe strekkend formeel gemeentelijk besluit.';


--
-- Name: COLUMN bag_openbareruimte.officieel; Type: COMMENT; Schema: public; Owner: -
--

COMMENT ON COLUMN bag_openbareruimte.officieel IS '11.11 : een aanduiding waarmee kan worden aangegeven dat een object in de registratie is opgenomen als gevolg van een feitelijke constatering, zonder dat er op het moment van opname sprake is van een formele grondslag voor deze opname.';


--
-- Name: COLUMN bag_openbareruimte.woonplaats; Type: COMMENT; Schema: public; Owner: -
--

COMMENT ON COLUMN bag_openbareruimte.woonplaats IS '11.15 : unieke aanduiding van de woonplaats waarbinnen een openbare ruimte is gelegen.';


--
-- Name: COLUMN bag_openbareruimte.type; Type: COMMENT; Schema: public; Owner: -
--

COMMENT ON COLUMN bag_openbareruimte.type IS '11.16 : de aard van de als zodanig benoemde openbare ruimte.';


--
-- Name: COLUMN bag_openbareruimte.inonderzoek; Type: COMMENT; Schema: public; Owner: -
--

COMMENT ON COLUMN bag_openbareruimte.inonderzoek IS '11.14 : een aanduiding waarmee wordt aangegeven dat een onderzoek wordt uitgevoerd naar de juistheid van een of meerdere gegevens van het betreffende object.';


--
-- Name: COLUMN bag_openbareruimte.documentdatum; Type: COMMENT; Schema: public; Owner: -
--

COMMENT ON COLUMN bag_openbareruimte.documentdatum IS '11.17 : de datum waarop het brondocument is vastgesteld, op basis waarvan een opname, mutatie of een verwijdering van gegevens ten aanzien van een openbare ruimte heeft plaatsgevonden.';


--
-- Name: COLUMN bag_openbareruimte.documentnummer; Type: COMMENT; Schema: public; Owner: -
--

COMMENT ON COLUMN bag_openbareruimte.documentnummer IS '11.18 : de unieke aanduiding van het brondocument op basis waarvan een opname, mutatie of een verwijdering van gegevens ten aanzien van een openbare ruimte heeft plaatsgevonden, binnen een gemeente.';


--
-- Name: COLUMN bag_openbareruimte.status; Type: COMMENT; Schema: public; Owner: -
--

COMMENT ON COLUMN bag_openbareruimte.status IS '11.19 : de fase van de levenscyclus van een openbare ruimte, waarin de betreffende openbare ruimte zich bevindt.';


--
-- Name: COLUMN bag_openbareruimte.correctie; Type: COMMENT; Schema: public; Owner: -
--

COMMENT ON COLUMN bag_openbareruimte.correctie IS 'het gegeven is gecorrigeerd.';


--
-- Name: bag_pand; Type: TABLE; Schema: public; Owner: -; Tablespace: 
--

CREATE TABLE bag_pand (
    identificatie character varying(16) NOT NULL,
    begindatum character varying(14) NOT NULL,
    einddatum character varying(14),
    officieel character varying(1) NOT NULL,
    bouwjaar integer NOT NULL,
    status character varying(80) NOT NULL,
    inonderzoek character varying(1) NOT NULL,
    documentdatum character varying(14) NOT NULL,
    documentnummer character varying(20) NOT NULL,
    correctie character varying(1) NOT NULL
);


--
-- Name: TABLE bag_pand; Type: COMMENT; Schema: public; Owner: -
--

COMMENT ON TABLE bag_pand IS '55 : een pand is de kleinste, bij de totstandkoming functioneel en bouwkundig constructief zelfstandige eenheid, die direct en duurzaam met de aarde is verbonden.';


--
-- Name: COLUMN bag_pand.identificatie; Type: COMMENT; Schema: public; Owner: -
--

COMMENT ON COLUMN bag_pand.identificatie IS '55.01 : de unieke aanduiding van een pand';


--
-- Name: COLUMN bag_pand.begindatum; Type: COMMENT; Schema: public; Owner: -
--

COMMENT ON COLUMN bag_pand.begindatum IS '55.91 : de begindatum van een periode waarin een of meer gegevens die worden bijgehouden over een pand een wijziging hebben ondergaan.';


--
-- Name: COLUMN bag_pand.einddatum; Type: COMMENT; Schema: public; Owner: -
--

COMMENT ON COLUMN bag_pand.einddatum IS '55.92 : de einddatum van een periode waarin er geen wijzigingen hebben plaatsgevonden in de gegevens die worden bijgehouden over een pand.';


--
-- Name: COLUMN bag_pand.officieel; Type: COMMENT; Schema: public; Owner: -
--

COMMENT ON COLUMN bag_pand.officieel IS '55.02 : een aanduiding waarmee kan worden aangegeven dat een object in de registratie is opgenomen als gevolg van een feitelijke constatering, zonder dat er op het moment van opname sprake is van een formele grondslag voor deze opname';


--
-- Name: COLUMN bag_pand.bouwjaar; Type: COMMENT; Schema: public; Owner: -
--

COMMENT ON COLUMN bag_pand.bouwjaar IS '55.30 : de aanduiding van het jaar waarin een pand oorspronkelijk als bouwkundig gereed is opgeleverd.';


--
-- Name: COLUMN bag_pand.status; Type: COMMENT; Schema: public; Owner: -
--

COMMENT ON COLUMN bag_pand.status IS '55.31 : de fase van de levenscyclus van een pand, waarin het betreffende pand zich bevindt.';


--
-- Name: COLUMN bag_pand.inonderzoek; Type: COMMENT; Schema: public; Owner: -
--

COMMENT ON COLUMN bag_pand.inonderzoek IS '55.93 : een aanduiding waarmee wordt aangegeven dat een onderzoek wordt uitgevoerd naar de juistheid van een of meerdere gegevens van het betreffende object.';


--
-- Name: COLUMN bag_pand.documentdatum; Type: COMMENT; Schema: public; Owner: -
--

COMMENT ON COLUMN bag_pand.documentdatum IS '55.97 : de datum waarop het brondocument is vastgesteld, op basis waarvan een opname, mutatie of een verwijdering van gegevens ten aanzien van een pand heeft plaatsgevonden.';


--
-- Name: COLUMN bag_pand.documentnummer; Type: COMMENT; Schema: public; Owner: -
--

COMMENT ON COLUMN bag_pand.documentnummer IS '55.98 : de unieke aanduiding van het brondocument op basis waarvan een opname, mutatie of een verwijdering van gegevens ten aanzien van een pand heeft plaatsgevonden, binnen een gemeente.';


--
-- Name: COLUMN bag_pand.correctie; Type: COMMENT; Schema: public; Owner: -
--

COMMENT ON COLUMN bag_pand.correctie IS 'het gegeven is gecorrigeerd.';


--
-- Name: bag_standplaats; Type: TABLE; Schema: public; Owner: -; Tablespace: 
--

CREATE TABLE bag_standplaats (
    identificatie character varying(16) NOT NULL,
    begindatum character varying(14) NOT NULL,
    einddatum character varying(14),
    officieel character varying(1) NOT NULL,
    status character varying(80) NOT NULL,
    hoofdadres character varying(16) NOT NULL,
    inonderzoek character varying(1) NOT NULL,
    documentdatum character varying(14) NOT NULL,
    documentnummer character varying(20) NOT NULL,
    correctie character varying(1) NOT NULL
);


--
-- Name: TABLE bag_standplaats; Type: COMMENT; Schema: public; Owner: -
--

COMMENT ON TABLE bag_standplaats IS '57 : een standplaats is een formeel door de gemeenteraad als zodanig aangewezen terrein of een gedeelte daarvan, dat bestemd is voor het permanent plaatsen van een niet direct en duurzaam met de aarde verbonden en voor woon -, bedrijfsmatige - of recreatieve doeleinden geschikte ruimte.';


--
-- Name: COLUMN bag_standplaats.identificatie; Type: COMMENT; Schema: public; Owner: -
--

COMMENT ON COLUMN bag_standplaats.identificatie IS '57.01 : de unieke aanduiding van een standplaats.';


--
-- Name: COLUMN bag_standplaats.begindatum; Type: COMMENT; Schema: public; Owner: -
--

COMMENT ON COLUMN bag_standplaats.begindatum IS '57.91 : de begindatum van een periode waarin een of meer gegevens die worden bijgehouden over een standplaats een wijziging hebben ondergaan.';


--
-- Name: COLUMN bag_standplaats.einddatum; Type: COMMENT; Schema: public; Owner: -
--

COMMENT ON COLUMN bag_standplaats.einddatum IS '57.92 : de einddatum van een periode waarin er geen wijzigingen hebben plaatsgevonden in de gegevens die worden bijgehouden over een standplaats.';


--
-- Name: COLUMN bag_standplaats.officieel; Type: COMMENT; Schema: public; Owner: -
--

COMMENT ON COLUMN bag_standplaats.officieel IS '57.02 : een aanduiding waarmee kan worden aangegeven dat een object in de registratie is opgenomen als gevolg van een feitelijke constatering, zonder dat er op het moment van opname sprake is van een formele grondslag voor deze opname.';


--
-- Name: COLUMN bag_standplaats.status; Type: COMMENT; Schema: public; Owner: -
--

COMMENT ON COLUMN bag_standplaats.status IS '57.03 : de fase van de levenscyclus van een standplaats, waarin de betreffende standplaats zich bevindt.';


--
-- Name: COLUMN bag_standplaats.hoofdadres; Type: COMMENT; Schema: public; Owner: -
--

COMMENT ON COLUMN bag_standplaats.hoofdadres IS '57:10 : de identificatiecode nummeraanduiding waaronder het hoofdadres van een standplaats, dat in het kader van de basis gebouwen registratie als zodanig is aangemerkt, is opgenomen in de basis registratie adressen.';


--
-- Name: COLUMN bag_standplaats.inonderzoek; Type: COMMENT; Schema: public; Owner: -
--

COMMENT ON COLUMN bag_standplaats.inonderzoek IS '57.93 : een aanduiding waarmee wordt aangegeven dat een onderzoek wordt uitgevoerd naar de juistheid van een of meerdere gegevens van het betreffende object.';


--
-- Name: COLUMN bag_standplaats.documentdatum; Type: COMMENT; Schema: public; Owner: -
--

COMMENT ON COLUMN bag_standplaats.documentdatum IS '57.97 : de datum waarop het brondocument is vastgesteld, op basis waarvan een opname, mutatie of een in de historie plaatsen van gegevens ten aanzien van een standplaats heeft plaatsgevonden.';


--
-- Name: COLUMN bag_standplaats.documentnummer; Type: COMMENT; Schema: public; Owner: -
--

COMMENT ON COLUMN bag_standplaats.documentnummer IS '57.98 : de unieke aanduiding van het brondocument op basis waarvan een opname, mutatie of een verwijdering van gegevens ten aanzien van een standplaats heeft plaatsgevonden, binnen een gemeente.';


--
-- Name: COLUMN bag_standplaats.correctie; Type: COMMENT; Schema: public; Owner: -
--

COMMENT ON COLUMN bag_standplaats.correctie IS 'het gegeven is gecorrigeerd.';


--
-- Name: bag_verblijfsobject; Type: TABLE; Schema: public; Owner: -; Tablespace: 
--

CREATE TABLE bag_verblijfsobject (
    identificatie character varying(16) NOT NULL,
    begindatum character varying(14) NOT NULL,
    einddatum character varying(14),
    officieel character varying(1) NOT NULL,
    hoofdadres character varying(16) NOT NULL,
    oppervlakte integer NOT NULL,
    status character varying(80) NOT NULL,
    inonderzoek character varying(1) NOT NULL,
    documentdatum character varying(14) NOT NULL,
    documentnummer character varying(20) NOT NULL,
    correctie character varying(1) NOT NULL
);


--
-- Name: TABLE bag_verblijfsobject; Type: COMMENT; Schema: public; Owner: -
--

COMMENT ON TABLE bag_verblijfsobject IS '56 : een verblijfsobject is de kleinste binnen een of meerdere panden gelegen en voor woon -, bedrijfsmatige - of recreatieve doeleinden geschikte eenheid van gebruik, die ontsloten wordt via een eigen toegang vanaf de openbare weg, een erf of een gedeelde verkeersruimte en die onderwerp kan zijn van rechtshandelingen.';


--
-- Name: COLUMN bag_verblijfsobject.identificatie; Type: COMMENT; Schema: public; Owner: -
--

COMMENT ON COLUMN bag_verblijfsobject.identificatie IS '56.01 : de unieke aanduiding van een verblijfsobject';


--
-- Name: COLUMN bag_verblijfsobject.begindatum; Type: COMMENT; Schema: public; Owner: -
--

COMMENT ON COLUMN bag_verblijfsobject.begindatum IS '56.91 : de begindatum van een periode waarin een of meer gegevens die worden bijgehouden over een verblijfsobject een wijziging hebben ondergaan.';


--
-- Name: COLUMN bag_verblijfsobject.einddatum; Type: COMMENT; Schema: public; Owner: -
--

COMMENT ON COLUMN bag_verblijfsobject.einddatum IS '56.92 : de einddatum van een periode waarin er geen wijzigingen hebben plaatsgevonden in de gegevens die worden bijgehouden over een verblijfsobject.';


--
-- Name: COLUMN bag_verblijfsobject.officieel; Type: COMMENT; Schema: public; Owner: -
--

COMMENT ON COLUMN bag_verblijfsobject.officieel IS '56.02 : een aanduiding waarmee kan worden aangegeven dat een object in de registratie is opgenomen als gevolg van een feitelijke constatering, zonder dat er op het moment van opname sprake is van een formele grondslag voor deze opname';


--
-- Name: COLUMN bag_verblijfsobject.hoofdadres; Type: COMMENT; Schema: public; Owner: -
--

COMMENT ON COLUMN bag_verblijfsobject.hoofdadres IS '56:10 : de identificatiecode nummeraanduiding waaronder het hoofdadres van een verblijfsobject, dat in het kader van de basis gebouwen registratie als zodanig is aangemerkt, is opgenomen in de basis registratie adressen.';


--
-- Name: COLUMN bag_verblijfsobject.oppervlakte; Type: COMMENT; Schema: public; Owner: -
--

COMMENT ON COLUMN bag_verblijfsobject.oppervlakte IS '56.31 : de gebruiksoppervlakte van een verblijfsobject in gehele vierkante meters.';


--
-- Name: COLUMN bag_verblijfsobject.status; Type: COMMENT; Schema: public; Owner: -
--

COMMENT ON COLUMN bag_verblijfsobject.status IS '56.32 : de fase van de levenscyclus van een verblijfsobject, waarin het betreffende verblijfsobject zich bevindt.';


--
-- Name: COLUMN bag_verblijfsobject.inonderzoek; Type: COMMENT; Schema: public; Owner: -
--

COMMENT ON COLUMN bag_verblijfsobject.inonderzoek IS '56.93 : een aanduiding waarmee wordt aangegeven dat een onderzoek wordt uitgevoerd naar de juistheid van een of meerdere gegevens van het betreffende object.';


--
-- Name: COLUMN bag_verblijfsobject.documentdatum; Type: COMMENT; Schema: public; Owner: -
--

COMMENT ON COLUMN bag_verblijfsobject.documentdatum IS '56.97 : de datum waarop het brondocument is vastgesteld, op basis waarvan een opname, mutatie of een verwijdering van gegevens ten aanzien van een verblijfsobject heeft plaatsgevonden.';


--
-- Name: COLUMN bag_verblijfsobject.documentnummer; Type: COMMENT; Schema: public; Owner: -
--

COMMENT ON COLUMN bag_verblijfsobject.documentnummer IS '56.98 : de unieke aanduiding van het brondocument op basis waarvan een opname, mutatie of een verwijdering van gegevens ten aanzien van een verblijfsobject heeft plaatsgevonden, binnen een gemeente.';


--
-- Name: COLUMN bag_verblijfsobject.correctie; Type: COMMENT; Schema: public; Owner: -
--

COMMENT ON COLUMN bag_verblijfsobject.correctie IS 'het gegeven is gecorrigeerd.';


--
-- Name: bag_verblijfsobject_gebruiksdoel; Type: TABLE; Schema: public; Owner: -; Tablespace: 
--

CREATE TABLE bag_verblijfsobject_gebruiksdoel (
    identificatie character varying(16) NOT NULL,
    begindatum character varying(14) NOT NULL,
    gebruiksdoel character varying(80) NOT NULL,
    correctie character varying(1) NOT NULL
);


--
-- Name: TABLE bag_verblijfsobject_gebruiksdoel; Type: COMMENT; Schema: public; Owner: -
--

COMMENT ON TABLE bag_verblijfsobject_gebruiksdoel IS 'koppeltabel voor gebruiksdoelen bij verblijfsobject';


--
-- Name: COLUMN bag_verblijfsobject_gebruiksdoel.identificatie; Type: COMMENT; Schema: public; Owner: -
--

COMMENT ON COLUMN bag_verblijfsobject_gebruiksdoel.identificatie IS '56.01 : de unieke aanduiding van een verblijfsobject';


--
-- Name: COLUMN bag_verblijfsobject_gebruiksdoel.begindatum; Type: COMMENT; Schema: public; Owner: -
--

COMMENT ON COLUMN bag_verblijfsobject_gebruiksdoel.begindatum IS '56.91 : de begindatum van een periode waarin een of meer gegevens die worden bijgehouden over een verblijfsobject een wijziging hebben ondergaan.';


--
-- Name: COLUMN bag_verblijfsobject_gebruiksdoel.gebruiksdoel; Type: COMMENT; Schema: public; Owner: -
--

COMMENT ON COLUMN bag_verblijfsobject_gebruiksdoel.gebruiksdoel IS '56.30 : een categorisering van de gebruiksdoelen van het betreffende verblijfsobject, zoals dit  formeel door de overheid als zodanig is toegestaan.';


--
-- Name: COLUMN bag_verblijfsobject_gebruiksdoel.correctie; Type: COMMENT; Schema: public; Owner: -
--

COMMENT ON COLUMN bag_verblijfsobject_gebruiksdoel.correctie IS 'het gegeven is gecorrigeerd.';


--
-- Name: bag_verblijfsobject_pand; Type: TABLE; Schema: public; Owner: -; Tablespace: 
--

CREATE TABLE bag_verblijfsobject_pand (
    identificatie character varying(16) NOT NULL,
    begindatum character varying(14) NOT NULL,
    pand character varying(16) NOT NULL,
    correctie character varying(1) NOT NULL
);


--
-- Name: TABLE bag_verblijfsobject_pand; Type: COMMENT; Schema: public; Owner: -
--

COMMENT ON TABLE bag_verblijfsobject_pand IS 'koppeltabel voor panden bij verblijfsobject';


--
-- Name: COLUMN bag_verblijfsobject_pand.identificatie; Type: COMMENT; Schema: public; Owner: -
--

COMMENT ON COLUMN bag_verblijfsobject_pand.identificatie IS '56.01 : de unieke aanduiding van een verblijfsobject';


--
-- Name: COLUMN bag_verblijfsobject_pand.begindatum; Type: COMMENT; Schema: public; Owner: -
--

COMMENT ON COLUMN bag_verblijfsobject_pand.begindatum IS '56.91 : de begindatum van een periode waarin een of meer gegevens die worden bijgehouden over een verblijfsobject een wijziging hebben ondergaan.';


--
-- Name: COLUMN bag_verblijfsobject_pand.pand; Type: COMMENT; Schema: public; Owner: -
--

COMMENT ON COLUMN bag_verblijfsobject_pand.pand IS '56.90 : de unieke aanduidingen van de panden waarvan het verblijfsobject onderdeel uitmaakt.';


--
-- Name: COLUMN bag_verblijfsobject_pand.correctie; Type: COMMENT; Schema: public; Owner: -
--

COMMENT ON COLUMN bag_verblijfsobject_pand.correctie IS 'het gegeven is gecorrigeerd.';


--
-- Name: bag_woonplaats; Type: TABLE; Schema: public; Owner: -; Tablespace: 
--

CREATE TABLE bag_woonplaats (
    identificatie character varying(16) NOT NULL,
    begindatum character varying(14) NOT NULL,
    einddatum character varying(14),
    officieel character varying(1) NOT NULL,
    naam character varying(80) NOT NULL,
    status character varying(80) NOT NULL,
    inonderzoek character varying(1) NOT NULL,
    documentdatum character varying(14) NOT NULL,
    documentnummer character varying(20) NOT NULL,
    correctie character varying(1) NOT NULL
);


--
-- Name: TABLE bag_woonplaats; Type: COMMENT; Schema: public; Owner: -
--

COMMENT ON TABLE bag_woonplaats IS '11.7 : een woonplaats is een door de gemeenteraad als zodanig aangewezen gedeelte van het gemeentelijk grondgebied.';


--
-- Name: COLUMN bag_woonplaats.identificatie; Type: COMMENT; Schema: public; Owner: -
--

COMMENT ON COLUMN bag_woonplaats.identificatie IS '11.03 : de landelijk unieke aanduiding van een woonplaats, zoals vastgesteld door de beheerder van de landelijke tabel voor woonplaatsen.';


--
-- Name: COLUMN bag_woonplaats.begindatum; Type: COMMENT; Schema: public; Owner: -
--

COMMENT ON COLUMN bag_woonplaats.begindatum IS '11.73 : de begindatum van een periode waarin een of meer gegevens die worden bijgehouden over een woonplaats een wijziging hebben ondergaan.';


--
-- Name: COLUMN bag_woonplaats.einddatum; Type: COMMENT; Schema: public; Owner: -
--

COMMENT ON COLUMN bag_woonplaats.einddatum IS '11.74 : de einddatum van een periode waarin er geen wijzigingen hebben plaatsgevonden in de gegevens die worden bijgehouden over een woonplaats.';


--
-- Name: COLUMN bag_woonplaats.officieel; Type: COMMENT; Schema: public; Owner: -
--

COMMENT ON COLUMN bag_woonplaats.officieel IS '11.72 : een aanduiding waarmee kan worden aangegeven dat een object in de registratie is opgenomen als gevolg van een feitelijke constatering, zonder dat er op het moment van opname sprake is van een formele grondslag voor deze opname.';


--
-- Name: COLUMN bag_woonplaats.naam; Type: COMMENT; Schema: public; Owner: -
--

COMMENT ON COLUMN bag_woonplaats.naam IS '11.70 : de benaming van een door het gemeentebestuur aangewezen woonplaats.';


--
-- Name: COLUMN bag_woonplaats.status; Type: COMMENT; Schema: public; Owner: -
--

COMMENT ON COLUMN bag_woonplaats.status IS '11.79 : de fase van de levenscyclus van een woonplaats, waarin de betreffende woonplaats zich bevindt.';


--
-- Name: COLUMN bag_woonplaats.inonderzoek; Type: COMMENT; Schema: public; Owner: -
--

COMMENT ON COLUMN bag_woonplaats.inonderzoek IS '11.75 : een aanduiding waarmee wordt aangegeven dat een onderzoek wordt uitgevoerd naar de juistheid van een of meerdere gegevens van het betreffende object.';


--
-- Name: COLUMN bag_woonplaats.documentdatum; Type: COMMENT; Schema: public; Owner: -
--

COMMENT ON COLUMN bag_woonplaats.documentdatum IS '11.77 : de datum waarop het brondocument is vastgesteld, op basis waarvan een opname, mutatie of een verwijdering van gegevens ten aanzien van een woonplaats heeft plaatsgevonden.';


--
-- Name: COLUMN bag_woonplaats.documentnummer; Type: COMMENT; Schema: public; Owner: -
--

COMMENT ON COLUMN bag_woonplaats.documentnummer IS '11.78 : de unieke aanduiding van het brondocument op basis waarvan een opname, mutatie of een verwijdering van gegevens ten aanzien van een woonplaats heeft plaatsgevonden, binnen een gemeente.';


--
-- Name: COLUMN bag_woonplaats.correctie; Type: COMMENT; Schema: public; Owner: -
--

COMMENT ON COLUMN bag_woonplaats.correctie IS 'het gegeven is gecorrigeerd.';


--
-- Name: searchable; Type: TABLE; Schema: public; Owner: -; Tablespace: 
--

CREATE TABLE searchable (
    search_index tsvector,
    search_term text,
    object_type character varying(100),
    searchable_id integer NOT NULL
);


--
-- Name: bedrijf; Type: TABLE; Schema: public; Owner: -; Tablespace: 
--

CREATE TABLE bedrijf (
    search_index tsvector,
    search_term text,
    object_type character varying(100) DEFAULT 'bedrijf'::character varying,
    id integer NOT NULL,
    dossiernummer character varying(8),
    subdossiernummer character varying(4),
    hoofdvestiging_dossiernummer character varying(8),
    hoofdvestiging_subdossiernummer character varying(4),
    vorig_dossiernummer character varying(8),
    vorig_subdossiernummer character varying(4),
    handelsnaam character varying(45),
    rechtsvorm smallint,
    kamernummer smallint,
    faillisement smallint,
    surseance smallint,
    telefoonnummer character varying(10),
    email character varying(128),
    vestiging_adres character varying(30),
    vestiging_straatnaam character varying(25),
    vestiging_huisnummer character varying(6),
    vestiging_huisnummertoevoeging character varying(12),
    vestiging_postcodewoonplaats character varying(30),
    vestiging_postcode character varying(6),
    vestiging_woonplaats character varying(24),
    correspondentie_adres character varying(30),
    correspondentie_straatnaam character varying(25),
    correspondentie_huisnummer character varying(6),
    correspondentie_huisnummertoevoeging character varying(12),
    correspondentie_postcodewoonplaats character varying(30),
    correspondentie_postcode character varying(6),
    correspondentie_woonplaats character varying(24),
    hoofdactiviteitencode integer,
    nevenactiviteitencode1 integer,
    nevenactiviteitencode2 integer,
    werkzamepersonen integer,
    contact_naam character varying(64),
    contact_aanspreektitel character varying(45),
    contact_voorletters character varying(19),
    contact_voorvoegsel character varying(8),
    contact_geslachtsnaam character varying(95),
    contact_geslachtsaanduiding character varying(1),
    authenticated smallint,
    authenticatedby text,
    fulldossiernummer text,
    import_datum timestamp(6) without time zone,
    deleted_on timestamp(6) without time zone,
    verblijfsobject_id character varying(16),
    system_of_record character varying(32),
    system_of_record_id bigint
)
INHERITS (searchable);


--
-- Name: bedrijf_authenticatie; Type: TABLE; Schema: public; Owner: -; Tablespace: 
--

CREATE TABLE bedrijf_authenticatie (
    id integer NOT NULL,
    gegevens_magazijn_id integer,
    login integer,
    password character varying(255),
    created timestamp without time zone,
    last_modified timestamp without time zone
);


--
-- Name: bedrijf_authenticatie_id_seq; Type: SEQUENCE; Schema: public; Owner: -
--

CREATE SEQUENCE bedrijf_authenticatie_id_seq
    START WITH 1
    INCREMENT BY 1
    NO MINVALUE
    NO MAXVALUE
    CACHE 1;


--
-- Name: bedrijf_authenticatie_id_seq; Type: SEQUENCE OWNED BY; Schema: public; Owner: -
--

ALTER SEQUENCE bedrijf_authenticatie_id_seq OWNED BY bedrijf_authenticatie.id;


--
-- Name: bedrijf_id_seq; Type: SEQUENCE; Schema: public; Owner: -
--

CREATE SEQUENCE bedrijf_id_seq
    START WITH 1
    INCREMENT BY 1
    NO MINVALUE
    NO MAXVALUE
    CACHE 1;


--
-- Name: bedrijf_id_seq; Type: SEQUENCE OWNED BY; Schema: public; Owner: -
--

ALTER SEQUENCE bedrijf_id_seq OWNED BY bedrijf.id;


--
-- Name: beheer_import; Type: TABLE; Schema: public; Owner: -; Tablespace: 
--

CREATE TABLE beheer_import (
    id integer NOT NULL,
    importtype character varying(256),
    succesvol integer,
    finished timestamp without time zone,
    import_create integer,
    import_update integer,
    error integer,
    error_message text,
    entries integer,
    created timestamp without time zone,
    last_modified timestamp without time zone
);


--
-- Name: beheer_import_id_seq; Type: SEQUENCE; Schema: public; Owner: -
--

CREATE SEQUENCE beheer_import_id_seq
    START WITH 1
    INCREMENT BY 1
    NO MINVALUE
    NO MAXVALUE
    CACHE 1;


--
-- Name: beheer_import_id_seq; Type: SEQUENCE OWNED BY; Schema: public; Owner: -
--

ALTER SEQUENCE beheer_import_id_seq OWNED BY beheer_import.id;


--
-- Name: beheer_import_log; Type: TABLE; Schema: public; Owner: -; Tablespace: 
--

CREATE TABLE beheer_import_log (
    id integer NOT NULL,
    import_id integer,
    old_data text,
    new_data text,
    created timestamp without time zone,
    last_modified timestamp without time zone,
    kolom text,
    identifier text,
    action character varying(255)
);


--
-- Name: beheer_import_log_id_seq; Type: SEQUENCE; Schema: public; Owner: -
--

CREATE SEQUENCE beheer_import_log_id_seq
    START WITH 1
    INCREMENT BY 1
    NO MINVALUE
    NO MAXVALUE
    CACHE 1;


--
-- Name: beheer_import_log_id_seq; Type: SEQUENCE OWNED BY; Schema: public; Owner: -
--

ALTER SEQUENCE beheer_import_log_id_seq OWNED BY beheer_import_log.id;


--
-- Name: beheer_plugins; Type: TABLE; Schema: public; Owner: -; Tablespace: 
--

CREATE TABLE beheer_plugins (
    id integer NOT NULL,
    label text,
    naam text,
    help text,
    versie text,
    actief integer,
    last_modified timestamp without time zone
);


--
-- Name: beheer_plugins_id_seq; Type: SEQUENCE; Schema: public; Owner: -
--

CREATE SEQUENCE beheer_plugins_id_seq
    START WITH 1
    INCREMENT BY 1
    NO MINVALUE
    NO MAXVALUE
    CACHE 1;


--
-- Name: beheer_plugins_id_seq; Type: SEQUENCE OWNED BY; Schema: public; Owner: -
--

ALTER SEQUENCE beheer_plugins_id_seq OWNED BY beheer_plugins.id;


--
-- Name: betrokkene_notes; Type: TABLE; Schema: public; Owner: -; Tablespace: 
--

CREATE TABLE betrokkene_notes (
    id integer NOT NULL,
    betrokkene_exid integer,
    betrokkene_type text,
    betrokkene_from text,
    ntype text,
    subject text,
    message text,
    created timestamp without time zone,
    last_modified timestamp without time zone
);


--
-- Name: betrokkene_notes_id_seq; Type: SEQUENCE; Schema: public; Owner: -
--

CREATE SEQUENCE betrokkene_notes_id_seq
    START WITH 1
    INCREMENT BY 1
    NO MINVALUE
    NO MAXVALUE
    CACHE 1;


--
-- Name: betrokkene_notes_id_seq; Type: SEQUENCE OWNED BY; Schema: public; Owner: -
--

ALTER SEQUENCE betrokkene_notes_id_seq OWNED BY betrokkene_notes.id;


--
-- Name: betrokkenen; Type: TABLE; Schema: public; Owner: -; Tablespace: 
--

CREATE TABLE betrokkenen (
    id integer NOT NULL,
    btype integer,
    gm_natuurlijk_persoon_id integer,
    naam text
);


--
-- Name: betrokkenen_id_seq; Type: SEQUENCE; Schema: public; Owner: -
--

CREATE SEQUENCE betrokkenen_id_seq
    START WITH 1
    INCREMENT BY 1
    NO MINVALUE
    NO MAXVALUE
    CACHE 1;


--
-- Name: betrokkenen_id_seq; Type: SEQUENCE OWNED BY; Schema: public; Owner: -
--

ALTER SEQUENCE betrokkenen_id_seq OWNED BY betrokkenen.id;


--
-- Name: bibliotheek_categorie; Type: TABLE; Schema: public; Owner: -; Tablespace: 
--

CREATE TABLE bibliotheek_categorie (
    search_index tsvector,
    search_term text,
    object_type character varying(100) DEFAULT 'bibliotheek_categorie'::character varying,
    id integer NOT NULL,
    naam character varying(256),
    label text,
    description text,
    help text,
    created timestamp without time zone,
    last_modified timestamp without time zone,
    system integer,
    pid integer
)
INHERITS (searchable);


--
-- Name: bibliotheek_categorie_id_seq; Type: SEQUENCE; Schema: public; Owner: -
--

CREATE SEQUENCE bibliotheek_categorie_id_seq
    START WITH 1
    INCREMENT BY 1
    NO MINVALUE
    NO MAXVALUE
    CACHE 1;


--
-- Name: bibliotheek_categorie_id_seq; Type: SEQUENCE OWNED BY; Schema: public; Owner: -
--

ALTER SEQUENCE bibliotheek_categorie_id_seq OWNED BY bibliotheek_categorie.id;


--
-- Name: bibliotheek_kenmerken; Type: TABLE; Schema: public; Owner: -; Tablespace: 
--

CREATE TABLE bibliotheek_kenmerken (
    search_index tsvector,
    search_term text,
    object_type character varying(100) DEFAULT 'bibliotheek_kenmerken'::character varying,
    id integer NOT NULL,
    naam character varying(256),
    value_type text,
    value_default text,
    label text,
    description text,
    help text,
    magic_string text,
    created timestamp without time zone,
    last_modified timestamp without time zone,
    bibliotheek_categorie_id integer,
    document_categorie text,
    system integer,
    type_multiple integer,
    deleted timestamp without time zone,
    file_metadata_id integer
)
INHERITS (searchable);


--
-- Name: bibliotheek_kenmerken_id_seq; Type: SEQUENCE; Schema: public; Owner: -
--

CREATE SEQUENCE bibliotheek_kenmerken_id_seq
    START WITH 1
    INCREMENT BY 1
    NO MINVALUE
    NO MAXVALUE
    CACHE 1;


--
-- Name: bibliotheek_kenmerken_id_seq; Type: SEQUENCE OWNED BY; Schema: public; Owner: -
--

ALTER SEQUENCE bibliotheek_kenmerken_id_seq OWNED BY bibliotheek_kenmerken.id;


--
-- Name: bibliotheek_kenmerken_values; Type: TABLE; Schema: public; Owner: -; Tablespace: 
--

CREATE TABLE bibliotheek_kenmerken_values (
    id integer NOT NULL,
    bibliotheek_kenmerken_id integer,
    value text
);


--
-- Name: bibliotheek_kenmerken_values_id_seq; Type: SEQUENCE; Schema: public; Owner: -
--

CREATE SEQUENCE bibliotheek_kenmerken_values_id_seq
    START WITH 1
    INCREMENT BY 1
    NO MINVALUE
    NO MAXVALUE
    CACHE 1;


--
-- Name: bibliotheek_kenmerken_values_id_seq; Type: SEQUENCE OWNED BY; Schema: public; Owner: -
--

ALTER SEQUENCE bibliotheek_kenmerken_values_id_seq OWNED BY bibliotheek_kenmerken_values.id;


--
-- Name: bibliotheek_notificatie_kenmerk; Type: TABLE; Schema: public; Owner: -; Tablespace: 
--

CREATE TABLE bibliotheek_notificatie_kenmerk (
    id integer NOT NULL,
    bibliotheek_notificatie_id integer NOT NULL,
    bibliotheek_kenmerken_id integer NOT NULL
);


--
-- Name: bibliotheek_notificatie_kenmerk_id_seq; Type: SEQUENCE; Schema: public; Owner: -
--

CREATE SEQUENCE bibliotheek_notificatie_kenmerk_id_seq
    START WITH 1
    INCREMENT BY 1
    NO MINVALUE
    NO MAXVALUE
    CACHE 1;


--
-- Name: bibliotheek_notificatie_kenmerk_id_seq; Type: SEQUENCE OWNED BY; Schema: public; Owner: -
--

ALTER SEQUENCE bibliotheek_notificatie_kenmerk_id_seq OWNED BY bibliotheek_notificatie_kenmerk.id;


--
-- Name: bibliotheek_notificaties; Type: TABLE; Schema: public; Owner: -; Tablespace: 
--

CREATE TABLE bibliotheek_notificaties (
    search_index tsvector,
    search_term text,
    object_type character varying(100) DEFAULT 'bibliotheek_notificaties'::character varying,
    id integer NOT NULL,
    bibliotheek_categorie_id integer,
    label text,
    subject text,
    message text,
    created timestamp without time zone,
    last_modified timestamp without time zone,
    deleted timestamp without time zone
)
INHERITS (searchable);


--
-- Name: bibliotheek_notificaties_id_seq; Type: SEQUENCE; Schema: public; Owner: -
--

CREATE SEQUENCE bibliotheek_notificaties_id_seq
    START WITH 1
    INCREMENT BY 1
    NO MINVALUE
    NO MAXVALUE
    CACHE 1;


--
-- Name: bibliotheek_notificaties_id_seq; Type: SEQUENCE OWNED BY; Schema: public; Owner: -
--

ALTER SEQUENCE bibliotheek_notificaties_id_seq OWNED BY bibliotheek_notificaties.id;


--
-- Name: bibliotheek_sjablonen; Type: TABLE; Schema: public; Owner: -; Tablespace: 
--

CREATE TABLE bibliotheek_sjablonen (
    search_index tsvector,
    search_term text,
    object_type character varying(100) DEFAULT 'bibliotheek_sjablonen'::character varying,
    id integer NOT NULL,
    bibliotheek_categorie_id integer,
    naam character varying(256),
    label text,
    description text,
    help text,
    created timestamp without time zone,
    last_modified timestamp without time zone,
    filestore_id integer,
    deleted timestamp without time zone
)
INHERITS (searchable);


--
-- Name: bibliotheek_sjablonen_id_seq; Type: SEQUENCE; Schema: public; Owner: -
--

CREATE SEQUENCE bibliotheek_sjablonen_id_seq
    START WITH 1
    INCREMENT BY 1
    NO MINVALUE
    NO MAXVALUE
    CACHE 1;


--
-- Name: bibliotheek_sjablonen_id_seq; Type: SEQUENCE OWNED BY; Schema: public; Owner: -
--

ALTER SEQUENCE bibliotheek_sjablonen_id_seq OWNED BY bibliotheek_sjablonen.id;


--
-- Name: bibliotheek_sjablonen_magic_string; Type: TABLE; Schema: public; Owner: -; Tablespace: 
--

CREATE TABLE bibliotheek_sjablonen_magic_string (
    id integer NOT NULL,
    bibliotheek_sjablonen_id integer,
    value text
);


--
-- Name: bibliotheek_sjablonen_magic_string_id_seq; Type: SEQUENCE; Schema: public; Owner: -
--

CREATE SEQUENCE bibliotheek_sjablonen_magic_string_id_seq
    START WITH 1
    INCREMENT BY 1
    NO MINVALUE
    NO MAXVALUE
    CACHE 1;


--
-- Name: bibliotheek_sjablonen_magic_string_id_seq; Type: SEQUENCE OWNED BY; Schema: public; Owner: -
--

ALTER SEQUENCE bibliotheek_sjablonen_magic_string_id_seq OWNED BY bibliotheek_sjablonen_magic_string.id;


--
-- Name: case_action; Type: TABLE; Schema: public; Owner: -; Tablespace: 
--

CREATE TABLE case_action (
    id integer NOT NULL,
    case_id integer NOT NULL,
    casetype_status_id integer,
    type character varying(64),
    label character varying(255),
    automatic boolean,
    data text,
    state_tainted boolean DEFAULT false,
    data_tainted boolean DEFAULT false
);


--
-- Name: case_action_id_seq; Type: SEQUENCE; Schema: public; Owner: -
--

CREATE SEQUENCE case_action_id_seq
    START WITH 1
    INCREMENT BY 1
    NO MINVALUE
    NO MAXVALUE
    CACHE 1;


--
-- Name: case_action_id_seq; Type: SEQUENCE OWNED BY; Schema: public; Owner: -
--

ALTER SEQUENCE case_action_id_seq OWNED BY case_action.id;


--
-- Name: case_relation; Type: TABLE; Schema: public; Owner: -; Tablespace: 
--

CREATE TABLE case_relation (
    id integer NOT NULL,
    case_id_a integer,
    case_id_b integer,
    order_seq_a integer,
    order_seq_b integer,
    type_a character varying(64),
    type_b character varying(64)
);


--
-- Name: case_relation_id_seq; Type: SEQUENCE; Schema: public; Owner: -
--

CREATE SEQUENCE case_relation_id_seq
    START WITH 1
    INCREMENT BY 1
    NO MINVALUE
    NO MAXVALUE
    CACHE 1;


--
-- Name: case_relation_id_seq; Type: SEQUENCE OWNED BY; Schema: public; Owner: -
--

ALTER SEQUENCE case_relation_id_seq OWNED BY case_relation.id;


--
-- Name: checklist; Type: TABLE; Schema: public; Owner: -; Tablespace: 
--

CREATE TABLE checklist (
    id integer NOT NULL,
    case_id integer NOT NULL,
    case_milestone integer
);


--
-- Name: checklist_antwoord_id_seq; Type: SEQUENCE; Schema: public; Owner: -
--

CREATE SEQUENCE checklist_antwoord_id_seq
    START WITH 1
    INCREMENT BY 1
    NO MINVALUE
    NO MAXVALUE
    CACHE 1;


--
-- Name: checklist_id_seq; Type: SEQUENCE; Schema: public; Owner: -
--

CREATE SEQUENCE checklist_id_seq
    START WITH 1
    INCREMENT BY 1
    NO MINVALUE
    NO MAXVALUE
    CACHE 1;


--
-- Name: checklist_id_seq; Type: SEQUENCE OWNED BY; Schema: public; Owner: -
--

ALTER SEQUENCE checklist_id_seq OWNED BY checklist.id;


--
-- Name: checklist_item; Type: TABLE; Schema: public; Owner: -; Tablespace: 
--

CREATE TABLE checklist_item (
    id integer NOT NULL,
    checklist_id integer NOT NULL,
    label text,
    state boolean DEFAULT false NOT NULL,
    sequence integer,
    user_defined boolean DEFAULT true NOT NULL,
    deprecated_answer character varying(8)
);


--
-- Name: checklist_item_id_seq; Type: SEQUENCE; Schema: public; Owner: -
--

CREATE SEQUENCE checklist_item_id_seq
    START WITH 1
    INCREMENT BY 1
    NO MINVALUE
    NO MAXVALUE
    CACHE 1;


--
-- Name: checklist_item_id_seq; Type: SEQUENCE OWNED BY; Schema: public; Owner: -
--

ALTER SEQUENCE checklist_item_id_seq OWNED BY checklist_item.id;


--
-- Name: config; Type: TABLE; Schema: public; Owner: -; Tablespace: 
--

CREATE TABLE config (
    id integer NOT NULL,
    parameter character varying(128),
    value text,
    advanced boolean DEFAULT true NOT NULL
);


--
-- Name: config_id_seq; Type: SEQUENCE; Schema: public; Owner: -
--

CREATE SEQUENCE config_id_seq
    START WITH 1
    INCREMENT BY 1
    NO MINVALUE
    NO MAXVALUE
    CACHE 1;


--
-- Name: config_id_seq; Type: SEQUENCE OWNED BY; Schema: public; Owner: -
--

ALTER SEQUENCE config_id_seq OWNED BY config.id;


--
-- Name: contact_data; Type: TABLE; Schema: public; Owner: -; Tablespace: 
--

CREATE TABLE contact_data (
    id integer NOT NULL,
    gegevens_magazijn_id integer,
    betrokkene_type integer,
    mobiel character varying(255),
    telefoonnummer character varying(255),
    email character varying(255),
    created timestamp without time zone,
    last_modified timestamp without time zone
);


--
-- Name: contact_data_id_seq; Type: SEQUENCE; Schema: public; Owner: -
--

CREATE SEQUENCE contact_data_id_seq
    START WITH 1
    INCREMENT BY 1
    NO MINVALUE
    NO MAXVALUE
    CACHE 1;


--
-- Name: contact_data_id_seq; Type: SEQUENCE OWNED BY; Schema: public; Owner: -
--

ALTER SEQUENCE contact_data_id_seq OWNED BY contact_data.id;


--
-- Name: contactmoment; Type: TABLE; Schema: public; Owner: -; Tablespace: 
--

CREATE TABLE contactmoment (
    id integer NOT NULL,
    subject_id character varying(100),
    case_id integer,
    type contactmoment_type NOT NULL,
    medium contactmoment_medium NOT NULL,
    date_created timestamp without time zone DEFAULT now() NOT NULL,
    created_by character varying(100) NOT NULL
);


--
-- Name: contactmoment_email; Type: TABLE; Schema: public; Owner: -; Tablespace: 
--

CREATE TABLE contactmoment_email (
    id integer NOT NULL,
    filestore_id integer NOT NULL,
    contactmoment_id integer NOT NULL,
    body text NOT NULL,
    subject character varying(150) NOT NULL,
    recipient character varying(150) NOT NULL
);


--
-- Name: contactmoment_email_id_seq; Type: SEQUENCE; Schema: public; Owner: -
--

CREATE SEQUENCE contactmoment_email_id_seq
    START WITH 1
    INCREMENT BY 1
    NO MINVALUE
    NO MAXVALUE
    CACHE 1;


--
-- Name: contactmoment_email_id_seq; Type: SEQUENCE OWNED BY; Schema: public; Owner: -
--

ALTER SEQUENCE contactmoment_email_id_seq OWNED BY contactmoment_email.id;


--
-- Name: contactmoment_id_seq; Type: SEQUENCE; Schema: public; Owner: -
--

CREATE SEQUENCE contactmoment_id_seq
    START WITH 1
    INCREMENT BY 1
    NO MINVALUE
    NO MAXVALUE
    CACHE 1;


--
-- Name: contactmoment_id_seq; Type: SEQUENCE OWNED BY; Schema: public; Owner: -
--

ALTER SEQUENCE contactmoment_id_seq OWNED BY contactmoment.id;


--
-- Name: contactmoment_note; Type: TABLE; Schema: public; Owner: -; Tablespace: 
--

CREATE TABLE contactmoment_note (
    id integer NOT NULL,
    message character varying,
    contactmoment_id integer NOT NULL
);


--
-- Name: contactmoment_note_id_seq; Type: SEQUENCE; Schema: public; Owner: -
--

CREATE SEQUENCE contactmoment_note_id_seq
    START WITH 1
    INCREMENT BY 1
    NO MINVALUE
    NO MAXVALUE
    CACHE 1;


--
-- Name: contactmoment_note_id_seq; Type: SEQUENCE OWNED BY; Schema: public; Owner: -
--

ALTER SEQUENCE contactmoment_note_id_seq OWNED BY contactmoment_note.id;


--
-- Name: directory; Type: TABLE; Schema: public; Owner: -; Tablespace: 
--

CREATE TABLE directory (
    id integer NOT NULL,
    name character varying(40),
    case_id integer NOT NULL
);


--
-- Name: directory_id_seq; Type: SEQUENCE; Schema: public; Owner: -
--

CREATE SEQUENCE directory_id_seq
    START WITH 1
    INCREMENT BY 1
    NO MINVALUE
    NO MAXVALUE
    CACHE 1;


--
-- Name: directory_id_seq; Type: SEQUENCE OWNED BY; Schema: public; Owner: -
--

ALTER SEQUENCE directory_id_seq OWNED BY directory.id;


--
-- Name: searchable_searchable_id_seq; Type: SEQUENCE; Schema: public; Owner: -
--

CREATE SEQUENCE searchable_searchable_id_seq
    START WITH 1
    INCREMENT BY 1
    NO MINVALUE
    NO MAXVALUE
    CACHE 1;


--
-- Name: searchable_searchable_id_seq; Type: SEQUENCE OWNED BY; Schema: public; Owner: -
--

ALTER SEQUENCE searchable_searchable_id_seq OWNED BY searchable.searchable_id;


--
-- Name: file; Type: TABLE; Schema: public; Owner: -; Tablespace: 
--

CREATE TABLE file (
    search_index tsvector,
    search_term text,
    object_type character varying(100) DEFAULT 'file'::character varying,
    searchable_id integer DEFAULT nextval('searchable_searchable_id_seq'::regclass),
    id integer NOT NULL,
    filestore_id integer NOT NULL,
    name character varying(250) NOT NULL,
    extension character varying(10) NOT NULL,
    root_file_id integer,
    version integer DEFAULT 1,
    case_id integer,
    metadata_id integer,
    subject_id character varying(100),
    directory_id integer,
    case_type_document_id integer,
    creation_reason text NOT NULL,
    accepted boolean DEFAULT false NOT NULL,
    rejection_reason text,
    reject_to_queue boolean DEFAULT false,
    is_duplicate_name boolean DEFAULT false NOT NULL,
    publish_pip boolean DEFAULT false NOT NULL,
    publish_website boolean DEFAULT false NOT NULL,
    date_created timestamp without time zone DEFAULT now() NOT NULL,
    created_by character varying(100) NOT NULL,
    date_modified timestamp without time zone,
    modified_by character varying(100),
    date_deleted timestamp without time zone,
    deleted_by character varying(100),
    destroyed boolean DEFAULT false,
    scheduled_jobs_id integer
)
INHERITS (searchable);


--
-- Name: file_id_seq; Type: SEQUENCE; Schema: public; Owner: -
--

CREATE SEQUENCE file_id_seq
    START WITH 1
    INCREMENT BY 1
    NO MINVALUE
    NO MAXVALUE
    CACHE 1;


--
-- Name: file_id_seq; Type: SEQUENCE OWNED BY; Schema: public; Owner: -
--

ALTER SEQUENCE file_id_seq OWNED BY file.id;


--
-- Name: file_metadata; Type: TABLE; Schema: public; Owner: -; Tablespace: 
--

CREATE TABLE file_metadata (
    id integer NOT NULL,
    description text,
    trust_level character varying(100) DEFAULT 'Zaakvertrouwelijk'::character varying NOT NULL,
    origin character varying(100),
    document_category character varying(150),
    CONSTRAINT file_metadata_origin_check CHECK (((origin)::text ~ '(Inkomend|Uitgaand|Intern)'::text)),
    CONSTRAINT file_metadata_trust_level_check CHECK (((trust_level)::text ~ '(Openbaar|Beperkt openbaar|Intern|Zaakvertrouwelijk|Vertrouwelijk|onfidentieel|Geheim|Zeer geheim)'::text))
);


--
-- Name: file_metadata_id_seq; Type: SEQUENCE; Schema: public; Owner: -
--

CREATE SEQUENCE file_metadata_id_seq
    START WITH 1
    INCREMENT BY 1
    NO MINVALUE
    NO MAXVALUE
    CACHE 1;


--
-- Name: file_metadata_id_seq; Type: SEQUENCE OWNED BY; Schema: public; Owner: -
--

ALTER SEQUENCE file_metadata_id_seq OWNED BY file_metadata.id;


--
-- Name: filestore; Type: TABLE; Schema: public; Owner: -; Tablespace: 
--

CREATE TABLE filestore (
    id integer NOT NULL,
    uuid uuid NOT NULL,
    thumbnail_uuid uuid,
    original_name character varying(250) NOT NULL,
    size integer NOT NULL,
    mimetype character varying(160) NOT NULL,
    md5 character varying(100) NOT NULL,
    date_created timestamp without time zone DEFAULT now() NOT NULL
);


--
-- Name: filestore_id_seq; Type: SEQUENCE; Schema: public; Owner: -
--

CREATE SEQUENCE filestore_id_seq
    START WITH 1
    INCREMENT BY 1
    NO MINVALUE
    NO MAXVALUE
    CACHE 1;


--
-- Name: filestore_id_seq; Type: SEQUENCE OWNED BY; Schema: public; Owner: -
--

ALTER SEQUENCE filestore_id_seq OWNED BY filestore.id;


--
-- Name: gm_adres; Type: TABLE; Schema: public; Owner: -; Tablespace: 
--

CREATE TABLE gm_adres (
    id integer NOT NULL,
    straatnaam character varying(80),
    huisnummer smallint,
    huisletter character(1),
    huisnummertoevoeging character varying(4),
    nadere_aanduiding character varying(35),
    postcode character varying(6),
    woonplaats character varying(75),
    gemeentedeel character varying(75),
    functie_adres character(1),
    datum_aanvang_bewoning date,
    woonplaats_id character varying(32),
    gemeente_code smallint,
    hash character varying(32),
    import_datum timestamp(6) without time zone
);


--
-- Name: gm_adres_id_seq; Type: SEQUENCE; Schema: public; Owner: -
--

CREATE SEQUENCE gm_adres_id_seq
    START WITH 1
    INCREMENT BY 1
    NO MINVALUE
    NO MAXVALUE
    CACHE 1;


--
-- Name: gm_adres_id_seq; Type: SEQUENCE OWNED BY; Schema: public; Owner: -
--

ALTER SEQUENCE gm_adres_id_seq OWNED BY gm_adres.id;


--
-- Name: gm_bedrijf; Type: TABLE; Schema: public; Owner: -; Tablespace: 
--

CREATE TABLE gm_bedrijf (
    id integer NOT NULL,
    gegevens_magazijn_id integer,
    dossiernummer character varying(8),
    subdossiernummer character varying(4),
    hoofdvestiging_dossiernummer character varying(8),
    hoofdvestiging_subdossiernummer character varying(4),
    vorig_dossiernummer character varying(8),
    vorig_subdossiernummer character varying(4),
    handelsnaam character varying(45),
    rechtsvorm smallint,
    kamernummer smallint,
    faillisement smallint,
    surseance smallint,
    telefoonnummer character varying(15),
    email character varying(128),
    vestiging_adres character varying(30),
    vestiging_straatnaam character varying(25),
    vestiging_huisnummer character varying(6),
    vestiging_huisnummertoevoeging character varying(12),
    vestiging_postcodewoonplaats character varying(30),
    vestiging_postcode character varying(6),
    vestiging_woonplaats character varying(24),
    correspondentie_adres character varying(30),
    correspondentie_straatnaam character varying(25),
    correspondentie_huisnummer character varying(6),
    correspondentie_huisnummertoevoeging character varying(12),
    correspondentie_postcodewoonplaats character varying(30),
    correspondentie_postcode character varying(6),
    correspondentie_woonplaats character varying(24),
    hoofdactiviteitencode integer,
    nevenactiviteitencode1 integer,
    nevenactiviteitencode2 integer,
    werkzamepersonen integer,
    contact_naam character varying(64),
    contact_aanspreektitel character varying(45),
    contact_voorletters character varying(19),
    contact_voorvoegsel character varying(8),
    contact_geslachtsnaam character varying(95),
    contact_geslachtsaanduiding character varying(1),
    authenticated smallint,
    authenticatedby text,
    import_datum timestamp(6) without time zone,
    verblijfsobject_id character varying(16)
);


--
-- Name: gm_bedrijf_id_seq; Type: SEQUENCE; Schema: public; Owner: -
--

CREATE SEQUENCE gm_bedrijf_id_seq
    START WITH 1
    INCREMENT BY 1
    NO MINVALUE
    NO MAXVALUE
    CACHE 1;


--
-- Name: gm_bedrijf_id_seq; Type: SEQUENCE OWNED BY; Schema: public; Owner: -
--

ALTER SEQUENCE gm_bedrijf_id_seq OWNED BY gm_bedrijf.id;


--
-- Name: gm_natuurlijk_persoon; Type: TABLE; Schema: public; Owner: -; Tablespace: 
--

CREATE TABLE gm_natuurlijk_persoon (
    id integer NOT NULL,
    gegevens_magazijn_id integer,
    betrokkene_type integer,
    burgerservicenummer character varying(9),
    a_nummer character varying(10),
    voorletters character varying(10),
    voornamen character varying(200),
    geslachtsnaam character varying(200),
    voorvoegsel character varying(50),
    geslachtsaanduiding character varying(3),
    nationaliteitscode1 smallint,
    nationaliteitscode2 smallint,
    nationaliteitscode3 smallint,
    geboortegemeente character varying(75),
    geboorteplaats character varying(75),
    geboortegemeente_omschrijving character varying(150),
    geboorteregio character varying(150),
    geboorteland character varying(75),
    geboortedatum timestamp without time zone,
    aanhef_aanschrijving character varying(10),
    voorletters_aanschrijving character varying(20),
    voornamen_aanschrijving character varying(200),
    naam_aanschrijving character varying(200),
    voorvoegsel_aanschrijving character varying(50),
    burgerlijke_staat character(1),
    indicatie_gezag character varying(2),
    indicatie_curatele character(1),
    indicatie_geheim character(1),
    aanduiding_verblijfsrecht smallint,
    datum_aanvang_verblijfsrecht date,
    datum_einde_verblijfsrecht date,
    aanduiding_soort_vreemdeling character varying(10),
    land_vanwaar_ingeschreven smallint,
    land_waarnaar_vertrokken smallint,
    adres_buitenland1 character varying(35),
    adres_buitenland2 character varying(35),
    adres_buitenland3 character varying(35),
    nnp_ts character varying(32),
    hash character varying(32),
    import_datum timestamp(6) without time zone,
    adres_id integer,
    authenticatedby text,
    authenticated smallint,
    datum_overlijden timestamp(6) without time zone,
    verblijfsobject_id character varying(16),
    aanduiding_naamgebruik character varying(1),
    onderzoek_persoon boolean,
    onderzoek_persoon_ingang timestamp without time zone,
    onderzoek_persoon_einde timestamp without time zone,
    onderzoek_persoon_onjuist character varying(1),
    onderzoek_huwelijk boolean,
    onderzoek_huwelijk_ingang timestamp without time zone,
    onderzoek_huwelijk_einde timestamp without time zone,
    onderzoek_huwelijk_onjuist character varying(1),
    onderzoek_overlijden boolean,
    onderzoek_overlijden_ingang timestamp without time zone,
    onderzoek_overlijden_einde timestamp without time zone,
    onderzoek_overlijden_onjuist character varying(1),
    onderzoek_verblijfplaats boolean,
    onderzoek_verblijfplaats_ingang timestamp without time zone,
    onderzoek_verblijfplaats_einde timestamp without time zone,
    onderzoek_verblijfplaats_onjuist character varying(1),
    partner_a_nummer character varying(50),
    partner_burgerservicenummer character varying(50),
    partner_voorvoegsel character varying(50),
    partner_geslachtsnaam character varying(50),
    datum_huwelijk timestamp without time zone,
    datum_huwelijk_ontbinding timestamp without time zone
);


--
-- Name: gm_natuurlijk_persoon_id_seq; Type: SEQUENCE; Schema: public; Owner: -
--

CREATE SEQUENCE gm_natuurlijk_persoon_id_seq
    START WITH 1
    INCREMENT BY 1
    NO MINVALUE
    NO MAXVALUE
    CACHE 1;


--
-- Name: gm_natuurlijk_persoon_id_seq; Type: SEQUENCE OWNED BY; Schema: public; Owner: -
--

ALTER SEQUENCE gm_natuurlijk_persoon_id_seq OWNED BY gm_natuurlijk_persoon.id;


--
-- Name: jobs; Type: TABLE; Schema: public; Owner: -; Tablespace: 
--

CREATE TABLE jobs (
    id integer NOT NULL,
    bericht text,
    task_context text,
    task text,
    raw_input text,
    raw_result text,
    created timestamp without time zone,
    last_modified timestamp without time zone,
    deleted timestamp without time zone
);


--
-- Name: jobs_id_seq; Type: SEQUENCE; Schema: public; Owner: -
--

CREATE SEQUENCE jobs_id_seq
    START WITH 1
    INCREMENT BY 1
    NO MINVALUE
    NO MAXVALUE
    CACHE 1;


--
-- Name: jobs_id_seq; Type: SEQUENCE OWNED BY; Schema: public; Owner: -
--

ALTER SEQUENCE jobs_id_seq OWNED BY jobs.id;


--
-- Name: kennisbank_producten; Type: TABLE; Schema: public; Owner: -; Tablespace: 
--

CREATE TABLE kennisbank_producten (
    search_index tsvector,
    search_term text,
    object_type character varying(100) DEFAULT 'kennisbank_producten'::character varying,
    id integer NOT NULL,
    pid integer,
    bibliotheek_categorie_id integer,
    naam text,
    omschrijving text,
    voorwaarden text,
    aanpak text,
    kosten text,
    versie integer,
    author text,
    commit_message text,
    active boolean,
    created timestamp without time zone,
    last_modified timestamp without time zone,
    deleted timestamp without time zone,
    omschrijving_internal text,
    voorwaarden_internal text,
    aanpak_internal text,
    kosten_internal text,
    external boolean,
    internal boolean,
    publication character varying(32),
    coupling character varying(32),
    external_id character varying(128)
)
INHERITS (searchable);


--
-- Name: kennisbank_producten_id_seq; Type: SEQUENCE; Schema: public; Owner: -
--

CREATE SEQUENCE kennisbank_producten_id_seq
    START WITH 1
    INCREMENT BY 1
    NO MINVALUE
    NO MAXVALUE
    CACHE 1;


--
-- Name: kennisbank_producten_id_seq; Type: SEQUENCE OWNED BY; Schema: public; Owner: -
--

ALTER SEQUENCE kennisbank_producten_id_seq OWNED BY kennisbank_producten.id;


--
-- Name: kennisbank_relaties; Type: TABLE; Schema: public; Owner: -; Tablespace: 
--

CREATE TABLE kennisbank_relaties (
    id integer NOT NULL,
    kennisbank_producten_id integer,
    kennisbank_vragen_id integer,
    zaaktype_id integer
);


--
-- Name: kennisbank_relaties_id_seq; Type: SEQUENCE; Schema: public; Owner: -
--

CREATE SEQUENCE kennisbank_relaties_id_seq
    START WITH 1
    INCREMENT BY 1
    NO MINVALUE
    NO MAXVALUE
    CACHE 1;


--
-- Name: kennisbank_relaties_id_seq; Type: SEQUENCE OWNED BY; Schema: public; Owner: -
--

ALTER SEQUENCE kennisbank_relaties_id_seq OWNED BY kennisbank_relaties.id;


--
-- Name: kennisbank_vragen; Type: TABLE; Schema: public; Owner: -; Tablespace: 
--

CREATE TABLE kennisbank_vragen (
    search_index tsvector,
    search_term text,
    object_type character varying(100) DEFAULT 'kennisbank_vragen'::character varying,
    id integer NOT NULL,
    pid integer,
    bibliotheek_categorie_id integer,
    naam text,
    vraag text,
    antwoord text,
    versie integer,
    author text,
    commit_message text,
    active boolean,
    last_viewed timestamp without time zone,
    created timestamp without time zone,
    last_modified timestamp without time zone,
    deleted timestamp without time zone,
    external_id character varying(128)
)
INHERITS (searchable);


--
-- Name: kennisbank_vragen_id_seq; Type: SEQUENCE; Schema: public; Owner: -
--

CREATE SEQUENCE kennisbank_vragen_id_seq
    START WITH 1
    INCREMENT BY 1
    NO MINVALUE
    NO MAXVALUE
    CACHE 1;


--
-- Name: kennisbank_vragen_id_seq; Type: SEQUENCE OWNED BY; Schema: public; Owner: -
--

ALTER SEQUENCE kennisbank_vragen_id_seq OWNED BY kennisbank_vragen.id;


--
-- Name: logging; Type: TABLE; Schema: public; Owner: -; Tablespace: 
--

CREATE TABLE logging (
    id integer NOT NULL,
    loglevel character varying(32),
    zaak_id integer,
    betrokkene_id character varying(128),
    aanvrager_id character varying(128),
    is_bericht integer,
    component character varying(64),
    component_id integer,
    seen integer,
    onderwerp character varying(255),
    bericht text,
    created timestamp without time zone,
    last_modified timestamp without time zone,
    deleted_on timestamp without time zone,
    event_type character varying(32),
    event_data text,
    created_by character varying(64),
    modified_by character varying(64),
    deleted_by character varying(64),
    created_for character varying(64)
);


--
-- Name: logging_id_seq; Type: SEQUENCE; Schema: public; Owner: -
--

CREATE SEQUENCE logging_id_seq
    START WITH 1
    INCREMENT BY 1
    NO MINVALUE
    NO MAXVALUE
    CACHE 1;


--
-- Name: logging_id_seq; Type: SEQUENCE OWNED BY; Schema: public; Owner: -
--

ALTER SEQUENCE logging_id_seq OWNED BY logging.id;


--
-- Name: natuurlijk_persoon; Type: TABLE; Schema: public; Owner: -; Tablespace: 
--

CREATE TABLE natuurlijk_persoon (
    search_index tsvector,
    search_term text,
    object_type character varying(100) DEFAULT 'natuurlijk_persoon'::character varying,
    id integer NOT NULL,
    burgerservicenummer character varying(9),
    a_nummer character varying(10),
    voorletters character varying(10),
    voornamen character varying(200),
    geslachtsnaam character varying(200),
    voorvoegsel character varying(50),
    geslachtsaanduiding character varying(3),
    nationaliteitscode1 smallint,
    nationaliteitscode2 smallint,
    nationaliteitscode3 smallint,
    geboortegemeente character varying(75),
    geboorteplaats character varying(75),
    geboortegemeente_omschrijving character varying(150),
    geboorteregio character varying(150),
    geboorteland character varying(75),
    geboortedatum timestamp without time zone,
    aanhef_aanschrijving character varying(10),
    voorletters_aanschrijving character varying(20),
    voornamen_aanschrijving character varying(200),
    naam_aanschrijving character varying(200),
    voorvoegsel_aanschrijving character varying(50),
    burgerlijke_staat character(1),
    indicatie_gezag character varying(2),
    indicatie_curatele character(1),
    indicatie_geheim character(1),
    aanduiding_verblijfsrecht smallint,
    datum_aanvang_verblijfsrecht date,
    datum_einde_verblijfsrecht date,
    aanduiding_soort_vreemdeling character varying(10),
    land_vanwaar_ingeschreven smallint,
    land_waarnaar_vertrokken smallint,
    adres_buitenland1 character varying(35),
    adres_buitenland2 character varying(35),
    adres_buitenland3 character varying(35),
    nnp_ts character varying(32),
    hash character varying(32),
    import_datum timestamp(6) without time zone,
    adres_id integer,
    email character varying(32),
    telefoon character varying(32),
    authenticated boolean,
    authenticatedby text,
    deleted_on timestamp(6) without time zone,
    verblijfsobject_id character varying(16),
    datum_overlijden timestamp without time zone,
    aanduiding_naamgebruik character varying(1),
    onderzoek_persoon boolean,
    onderzoek_persoon_ingang timestamp without time zone,
    onderzoek_persoon_einde timestamp without time zone,
    onderzoek_persoon_onjuist boolean,
    onderzoek_huwelijk boolean,
    onderzoek_huwelijk_ingang timestamp without time zone,
    onderzoek_huwelijk_einde timestamp without time zone,
    onderzoek_huwelijk_onjuist boolean,
    onderzoek_overlijden boolean,
    onderzoek_overlijden_ingang timestamp without time zone,
    onderzoek_overlijden_einde timestamp without time zone,
    onderzoek_overlijden_onjuist boolean,
    onderzoek_verblijfplaats boolean,
    onderzoek_verblijfplaats_ingang timestamp without time zone,
    onderzoek_verblijfplaats_einde timestamp without time zone,
    onderzoek_verblijfplaats_onjuist boolean,
    partner_a_nummer character varying(50),
    partner_burgerservicenummer character varying(50),
    partner_voorvoegsel character varying(50),
    partner_geslachtsnaam character varying(50),
    datum_huwelijk timestamp without time zone,
    datum_huwelijk_ontbinding timestamp without time zone,
    system_of_record character varying(32),
    system_of_record_id bigint
)
INHERITS (searchable);


--
-- Name: natuurlijk_persoon_id_seq; Type: SEQUENCE; Schema: public; Owner: -
--

CREATE SEQUENCE natuurlijk_persoon_id_seq
    START WITH 1
    INCREMENT BY 1
    NO MINVALUE
    NO MAXVALUE
    CACHE 1;


--
-- Name: natuurlijk_persoon_id_seq; Type: SEQUENCE OWNED BY; Schema: public; Owner: -
--

ALTER SEQUENCE natuurlijk_persoon_id_seq OWNED BY natuurlijk_persoon.id;


--
-- Name: notitie; Type: TABLE; Schema: public; Owner: -; Tablespace: 
--

CREATE TABLE notitie (
    id integer NOT NULL,
    onderwerp text,
    bericht text,
    contactkanaal text,
    md5 text,
    created timestamp without time zone,
    last_modified timestamp without time zone,
    deleted timestamp without time zone
);


--
-- Name: notitie_id_seq; Type: SEQUENCE; Schema: public; Owner: -
--

CREATE SEQUENCE notitie_id_seq
    START WITH 1
    INCREMENT BY 1
    NO MINVALUE
    NO MAXVALUE
    CACHE 1;


--
-- Name: notitie_id_seq; Type: SEQUENCE OWNED BY; Schema: public; Owner: -
--

ALTER SEQUENCE notitie_id_seq OWNED BY notitie.id;


--
-- Name: parkeergebied; Type: TABLE; Schema: public; Owner: -; Tablespace: 
--

CREATE TABLE parkeergebied (
    id integer NOT NULL,
    bag_hoofdadres bigint,
    postcode character varying(6) NOT NULL,
    straatnaam character varying(255) NOT NULL,
    huisnummer integer,
    huisletter character varying(8),
    huisnummertoevoeging character varying(4),
    parkeergebied_id integer,
    parkeergebied character varying(255),
    created timestamp without time zone,
    last_modified timestamp without time zone,
    woonplaats character varying(255)
);


--
-- Name: parkeergebied_id_seq; Type: SEQUENCE; Schema: public; Owner: -
--

CREATE SEQUENCE parkeergebied_id_seq
    START WITH 1
    INCREMENT BY 1
    NO MINVALUE
    NO MAXVALUE
    CACHE 1;


--
-- Name: parkeergebied_id_seq; Type: SEQUENCE OWNED BY; Schema: public; Owner: -
--

ALTER SEQUENCE parkeergebied_id_seq OWNED BY parkeergebied.id;


--
-- Name: parkeergebied_kosten; Type: TABLE; Schema: public; Owner: -; Tablespace: 
--

CREATE TABLE parkeergebied_kosten (
    id integer NOT NULL,
    betrokkene_type character varying(128),
    parkeergebied character varying(255),
    parkeergebied_id integer,
    aanvraag_soort integer,
    geldigheid integer,
    prijs real,
    created timestamp without time zone,
    last_modified timestamp without time zone
);


--
-- Name: parkeergebied_kosten_id_seq; Type: SEQUENCE; Schema: public; Owner: -
--

CREATE SEQUENCE parkeergebied_kosten_id_seq
    START WITH 1
    INCREMENT BY 1
    NO MINVALUE
    NO MAXVALUE
    CACHE 1;


--
-- Name: parkeergebied_kosten_id_seq; Type: SEQUENCE OWNED BY; Schema: public; Owner: -
--

ALTER SEQUENCE parkeergebied_kosten_id_seq OWNED BY parkeergebied_kosten.id;


--
-- Name: sbus_logging; Type: TABLE; Schema: public; Owner: -; Tablespace: 
--

CREATE TABLE sbus_logging (
    id integer NOT NULL,
    sbus_traffic_id integer,
    pid integer,
    mutatie_type text,
    object text,
    params text,
    kerngegeven text,
    label text,
    changes text,
    error boolean,
    error_message text,
    created timestamp without time zone,
    modified timestamp without time zone
);


--
-- Name: sbus_logging_id_seq; Type: SEQUENCE; Schema: public; Owner: -
--

CREATE SEQUENCE sbus_logging_id_seq
    START WITH 1
    INCREMENT BY 1
    NO MINVALUE
    NO MAXVALUE
    CACHE 1;


--
-- Name: sbus_logging_id_seq; Type: SEQUENCE OWNED BY; Schema: public; Owner: -
--

ALTER SEQUENCE sbus_logging_id_seq OWNED BY sbus_logging.id;


--
-- Name: sbus_traffic; Type: TABLE; Schema: public; Owner: -; Tablespace: 
--

CREATE TABLE sbus_traffic (
    id integer NOT NULL,
    sbus_type text,
    object text,
    operation text,
    input text,
    input_raw text,
    output text,
    output_raw text,
    error boolean,
    error_message text,
    created timestamp without time zone,
    modified timestamp without time zone
);


--
-- Name: sbus_traffic_id_seq; Type: SEQUENCE; Schema: public; Owner: -
--

CREATE SEQUENCE sbus_traffic_id_seq
    START WITH 1
    INCREMENT BY 1
    NO MINVALUE
    NO MAXVALUE
    CACHE 1;


--
-- Name: sbus_traffic_id_seq; Type: SEQUENCE OWNED BY; Schema: public; Owner: -
--

ALTER SEQUENCE sbus_traffic_id_seq OWNED BY sbus_traffic.id;


--
-- Name: scheduled_jobs; Type: TABLE; Schema: public; Owner: -; Tablespace: 
--

CREATE TABLE scheduled_jobs (
    id integer NOT NULL,
    task character varying(255) NOT NULL,
    scheduled_for timestamp without time zone,
    parameters text,
    created timestamp without time zone,
    last_modified timestamp without time zone,
    deleted timestamp without time zone,
    schedule_type character varying(16),
    CONSTRAINT scheduled_jobs_schedule_type_check CHECK (((schedule_type)::text ~ '(manual|time)'::text))
);


--
-- Name: scheduled_jobs_id_seq; Type: SEQUENCE; Schema: public; Owner: -
--

CREATE SEQUENCE scheduled_jobs_id_seq
    START WITH 1
    INCREMENT BY 1
    NO MINVALUE
    NO MAXVALUE
    CACHE 1;


--
-- Name: scheduled_jobs_id_seq; Type: SEQUENCE OWNED BY; Schema: public; Owner: -
--

ALTER SEQUENCE scheduled_jobs_id_seq OWNED BY scheduled_jobs.id;


--
-- Name: search_query; Type: TABLE; Schema: public; Owner: -; Tablespace: 
--

CREATE TABLE search_query (
    id integer NOT NULL,
    settings text,
    ldap_id integer,
    name character varying(256),
    sort_index integer
);


--
-- Name: search_query_delen; Type: TABLE; Schema: public; Owner: -; Tablespace: 
--

CREATE TABLE search_query_delen (
    id integer NOT NULL,
    search_query_id integer,
    ou_id integer,
    role_id integer
);


--
-- Name: search_query_delen_id_seq; Type: SEQUENCE; Schema: public; Owner: -
--

CREATE SEQUENCE search_query_delen_id_seq
    START WITH 1
    INCREMENT BY 1
    NO MINVALUE
    NO MAXVALUE
    CACHE 1;


--
-- Name: search_query_delen_id_seq; Type: SEQUENCE OWNED BY; Schema: public; Owner: -
--

ALTER SEQUENCE search_query_delen_id_seq OWNED BY search_query_delen.id;


--
-- Name: search_query_id_seq; Type: SEQUENCE; Schema: public; Owner: -
--

CREATE SEQUENCE search_query_id_seq
    START WITH 1
    INCREMENT BY 1
    NO MINVALUE
    NO MAXVALUE
    CACHE 1;


--
-- Name: search_query_id_seq; Type: SEQUENCE OWNED BY; Schema: public; Owner: -
--

ALTER SEQUENCE search_query_id_seq OWNED BY search_query.id;


--
-- Name: seen; Type: TABLE; Schema: public; Owner: -; Tablespace: 
--

CREATE TABLE seen (
    id integer NOT NULL,
    component text,
    kennisbank_producten_id integer,
    kennisbank_vragen_id integer,
    betrokkene_dsn text,
    created timestamp without time zone
);


--
-- Name: seen_id_seq; Type: SEQUENCE; Schema: public; Owner: -
--

CREATE SEQUENCE seen_id_seq
    START WITH 1
    INCREMENT BY 1
    NO MINVALUE
    NO MAXVALUE
    CACHE 1;


--
-- Name: seen_id_seq; Type: SEQUENCE OWNED BY; Schema: public; Owner: -
--

ALTER SEQUENCE seen_id_seq OWNED BY seen.id;


--
-- Name: settings; Type: TABLE; Schema: public; Owner: -; Tablespace: 
--

CREATE TABLE settings (
    id integer NOT NULL,
    key character varying(255),
    value text
);


--
-- Name: settings_id_seq; Type: SEQUENCE; Schema: public; Owner: -
--

CREATE SEQUENCE settings_id_seq
    START WITH 1
    INCREMENT BY 1
    NO MINVALUE
    NO MAXVALUE
    CACHE 1;


--
-- Name: settings_id_seq; Type: SEQUENCE OWNED BY; Schema: public; Owner: -
--

ALTER SEQUENCE settings_id_seq OWNED BY settings.id;


--
-- Name: user_app_lock; Type: TABLE; Schema: public; Owner: -; Tablespace: 
--

CREATE TABLE user_app_lock (
    type character(40) NOT NULL,
    type_id character(20) NOT NULL,
    create_unixtime integer NOT NULL,
    session_id character(40) NOT NULL,
    uidnumber integer NOT NULL
);


--
-- Name: woz_objects; Type: TABLE; Schema: public; Owner: -; Tablespace: 
--

CREATE TABLE woz_objects (
    id integer NOT NULL,
    object_data text,
    owner character varying(255) NOT NULL,
    object_id character varying(32) NOT NULL
);


--
-- Name: woz_objects_id_seq; Type: SEQUENCE; Schema: public; Owner: -
--

CREATE SEQUENCE woz_objects_id_seq
    START WITH 1
    INCREMENT BY 1
    NO MINVALUE
    NO MAXVALUE
    CACHE 1;


--
-- Name: woz_objects_id_seq; Type: SEQUENCE OWNED BY; Schema: public; Owner: -
--

ALTER SEQUENCE woz_objects_id_seq OWNED BY woz_objects.id;


--
-- Name: zaak; Type: TABLE; Schema: public; Owner: -; Tablespace: 
--

CREATE TABLE zaak (
    search_index tsvector,
    search_term text,
    object_type character varying(100) DEFAULT 'zaak'::character varying,
    id integer NOT NULL,
    pid integer,
    relates_to integer,
    zaaktype_id integer NOT NULL,
    zaaktype_node_id integer NOT NULL,
    status zaaksysteem_status NOT NULL,
    milestone integer NOT NULL,
    contactkanaal character varying(128) NOT NULL,
    aanvraag_trigger zaaksysteem_trigger NOT NULL,
    onderwerp character varying(256),
    resultaat text,
    besluit text,
    coordinator integer,
    behandelaar integer,
    aanvrager integer NOT NULL,
    route_ou integer,
    route_role integer,
    locatie_zaak integer,
    locatie_correspondentie integer,
    streefafhandeldatum timestamp(6) without time zone,
    registratiedatum timestamp(6) without time zone NOT NULL,
    afhandeldatum timestamp(6) without time zone,
    vernietigingsdatum timestamp(6) without time zone,
    created timestamp(6) without time zone NOT NULL,
    last_modified timestamp(6) without time zone NOT NULL,
    deleted timestamp(6) without time zone,
    vervolg_van integer,
    aanvrager_gm_id integer,
    behandelaar_gm_id integer,
    coordinator_gm_id integer,
    uuid uuid
)
INHERITS (searchable);


--
-- Name: zaak_bag; Type: TABLE; Schema: public; Owner: -; Tablespace: 
--

CREATE TABLE zaak_bag (
    id integer NOT NULL,
    pid integer,
    zaak_id integer,
    bag_type zaaksysteem_bag_types,
    bag_id character varying(255),
    bag_verblijfsobject_id character varying(255),
    bag_openbareruimte_id character varying(255),
    bag_nummeraanduiding_id character varying(255),
    bag_pand_id character varying(255),
    bag_standplaats_id character varying(255),
    bag_ligplaats_id character varying(255),
    bag_coordinates_wsg point
);


--
-- Name: zaak_bag_id_seq; Type: SEQUENCE; Schema: public; Owner: -
--

CREATE SEQUENCE zaak_bag_id_seq
    START WITH 1
    INCREMENT BY 1
    NO MINVALUE
    NO MAXVALUE
    CACHE 1;


--
-- Name: zaak_bag_id_seq; Type: SEQUENCE OWNED BY; Schema: public; Owner: -
--

ALTER SEQUENCE zaak_bag_id_seq OWNED BY zaak_bag.id;


--
-- Name: zaak_betrokkenen; Type: TABLE; Schema: public; Owner: -; Tablespace: 
--

CREATE TABLE zaak_betrokkenen (
    id integer NOT NULL,
    zaak_id integer,
    betrokkene_type character varying(128),
    betrokkene_id integer,
    gegevens_magazijn_id integer,
    verificatie character varying(128),
    naam character varying(255),
    rol text,
    magic_string_prefix text,
    deleted timestamp without time zone,
    uuid uuid
);


--
-- Name: zaak_betrokkenen_id_seq; Type: SEQUENCE; Schema: public; Owner: -
--

CREATE SEQUENCE zaak_betrokkenen_id_seq
    START WITH 1
    INCREMENT BY 1
    NO MINVALUE
    NO MAXVALUE
    CACHE 1;


--
-- Name: zaak_betrokkenen_id_seq; Type: SEQUENCE OWNED BY; Schema: public; Owner: -
--

ALTER SEQUENCE zaak_betrokkenen_id_seq OWNED BY zaak_betrokkenen.id;


--
-- Name: zaak_id_seq; Type: SEQUENCE; Schema: public; Owner: -
--

CREATE SEQUENCE zaak_id_seq
    START WITH 1
    INCREMENT BY 1
    NO MINVALUE
    NO MAXVALUE
    CACHE 1;


--
-- Name: zaak_id_seq; Type: SEQUENCE OWNED BY; Schema: public; Owner: -
--

ALTER SEQUENCE zaak_id_seq OWNED BY zaak.id;


--
-- Name: zaak_kenmerk; Type: TABLE; Schema: public; Owner: -; Tablespace: 
--

CREATE TABLE zaak_kenmerk (
    zaak_id integer NOT NULL,
    bibliotheek_kenmerken_id integer NOT NULL,
    value text NOT NULL,
    id integer NOT NULL
);


--
-- Name: zaak_kenmerk_id_seq; Type: SEQUENCE; Schema: public; Owner: -
--

CREATE SEQUENCE zaak_kenmerk_id_seq
    START WITH 1
    INCREMENT BY 1
    NO MINVALUE
    NO MAXVALUE
    CACHE 1;


--
-- Name: zaak_kenmerk_id_seq; Type: SEQUENCE OWNED BY; Schema: public; Owner: -
--

ALTER SEQUENCE zaak_kenmerk_id_seq OWNED BY zaak_kenmerk.id;


--
-- Name: zaak_meta; Type: TABLE; Schema: public; Owner: -; Tablespace: 
--

CREATE TABLE zaak_meta (
    id integer NOT NULL,
    zaak_id integer,
    verlenging character varying(255),
    opschorten character varying(255),
    deel character varying(255),
    gerelateerd character varying(255),
    vervolg character varying(255),
    afhandeling character varying(255),
    stalled_since timestamp without time zone
);


--
-- Name: zaak_meta_id_seq; Type: SEQUENCE; Schema: public; Owner: -
--

CREATE SEQUENCE zaak_meta_id_seq
    START WITH 1
    INCREMENT BY 1
    NO MINVALUE
    NO MAXVALUE
    CACHE 1;


--
-- Name: zaak_meta_id_seq; Type: SEQUENCE OWNED BY; Schema: public; Owner: -
--

ALTER SEQUENCE zaak_meta_id_seq OWNED BY zaak_meta.id;


--
-- Name: zaak_onafgerond; Type: TABLE; Schema: public; Owner: -; Tablespace: 
--

CREATE TABLE zaak_onafgerond (
    zaaktype_id integer NOT NULL,
    betrokkene character(50) NOT NULL,
    json_string text NOT NULL,
    afronden boolean,
    create_unixtime integer
);


--
-- Name: zaak_subcase; Type: TABLE; Schema: public; Owner: -; Tablespace: 
--

CREATE TABLE zaak_subcase (
    id integer NOT NULL,
    zaak_id integer NOT NULL,
    relation_zaak_id integer,
    required integer,
    parent_advance_results text
);


--
-- Name: zaak_subcase_id_seq; Type: SEQUENCE; Schema: public; Owner: -
--

CREATE SEQUENCE zaak_subcase_id_seq
    START WITH 1
    INCREMENT BY 1
    NO MINVALUE
    NO MAXVALUE
    CACHE 1;


--
-- Name: zaak_subcase_id_seq; Type: SEQUENCE OWNED BY; Schema: public; Owner: -
--

ALTER SEQUENCE zaak_subcase_id_seq OWNED BY zaak_subcase.id;


--
-- Name: zaaktype; Type: TABLE; Schema: public; Owner: -; Tablespace: 
--

CREATE TABLE zaaktype (
    search_index tsvector,
    search_term text,
    object_type character varying(100) DEFAULT 'zaaktype'::character varying,
    id integer NOT NULL,
    zaaktype_node_id integer,
    version integer,
    active integer DEFAULT 1,
    created timestamp without time zone,
    last_modified timestamp without time zone,
    deleted timestamp without time zone,
    bibliotheek_categorie_id integer
)
INHERITS (searchable);


--
-- Name: zaaktype_authorisation; Type: TABLE; Schema: public; Owner: -; Tablespace: 
--

CREATE TABLE zaaktype_authorisation (
    id integer NOT NULL,
    zaaktype_node_id integer,
    recht text,
    created timestamp without time zone,
    last_modified timestamp without time zone,
    deleted timestamp without time zone,
    role_id integer,
    ou_id integer,
    zaaktype_id integer
);


--
-- Name: zaaktype_authorisation_id_seq; Type: SEQUENCE; Schema: public; Owner: -
--

CREATE SEQUENCE zaaktype_authorisation_id_seq
    START WITH 1
    INCREMENT BY 1
    NO MINVALUE
    NO MAXVALUE
    CACHE 1;


--
-- Name: zaaktype_authorisation_id_seq; Type: SEQUENCE OWNED BY; Schema: public; Owner: -
--

ALTER SEQUENCE zaaktype_authorisation_id_seq OWNED BY zaaktype_authorisation.id;


--
-- Name: zaaktype_betrokkenen; Type: TABLE; Schema: public; Owner: -; Tablespace: 
--

CREATE TABLE zaaktype_betrokkenen (
    id integer NOT NULL,
    zaaktype_node_id integer,
    betrokkene_type text,
    created timestamp without time zone,
    last_modified timestamp without time zone
);


--
-- Name: zaaktype_betrokkenen_id_seq; Type: SEQUENCE; Schema: public; Owner: -
--

CREATE SEQUENCE zaaktype_betrokkenen_id_seq
    START WITH 1
    INCREMENT BY 1
    NO MINVALUE
    NO MAXVALUE
    CACHE 1;


--
-- Name: zaaktype_betrokkenen_id_seq; Type: SEQUENCE OWNED BY; Schema: public; Owner: -
--

ALTER SEQUENCE zaaktype_betrokkenen_id_seq OWNED BY zaaktype_betrokkenen.id;


--
-- Name: zaaktype_definitie; Type: TABLE; Schema: public; Owner: -; Tablespace: 
--

CREATE TABLE zaaktype_definitie (
    id integer NOT NULL,
    openbaarheid character varying(255),
    handelingsinitiator character varying(255),
    grondslag character varying(255),
    procesbeschrijving character varying(255),
    afhandeltermijn character varying(255),
    afhandeltermijn_type character varying(255),
    iv3_categorie character varying(255),
    besluittype character varying(255),
    selectielijst character varying(255),
    servicenorm character varying(255),
    servicenorm_type character varying(255),
    pdc_voorwaarden text,
    pdc_description text,
    pdc_meenemen text,
    pdc_tarief text,
    omschrijving_upl character varying(255),
    aard character varying(255),
    extra_informatie character varying(255),
    custom_webform character varying(255),
    preset_client character varying(255)
);


--
-- Name: zaaktype_definitie_id_seq; Type: SEQUENCE; Schema: public; Owner: -
--

CREATE SEQUENCE zaaktype_definitie_id_seq
    START WITH 1
    INCREMENT BY 1
    NO MINVALUE
    NO MAXVALUE
    CACHE 1;


--
-- Name: zaaktype_definitie_id_seq; Type: SEQUENCE OWNED BY; Schema: public; Owner: -
--

ALTER SEQUENCE zaaktype_definitie_id_seq OWNED BY zaaktype_definitie.id;


--
-- Name: zaaktype_id_seq; Type: SEQUENCE; Schema: public; Owner: -
--

CREATE SEQUENCE zaaktype_id_seq
    START WITH 1
    INCREMENT BY 1
    NO MINVALUE
    NO MAXVALUE
    CACHE 1;


--
-- Name: zaaktype_id_seq; Type: SEQUENCE OWNED BY; Schema: public; Owner: -
--

ALTER SEQUENCE zaaktype_id_seq OWNED BY zaaktype.id;


--
-- Name: zaaktype_kenmerken; Type: TABLE; Schema: public; Owner: -; Tablespace: 
--

CREATE TABLE zaaktype_kenmerken (
    id integer NOT NULL,
    bibliotheek_kenmerken_id integer,
    value_mandatory integer,
    label text,
    help text,
    created timestamp without time zone,
    last_modified timestamp without time zone,
    zaaktype_node_id integer,
    zaak_status_id integer,
    pip integer,
    zaakinformatie_view integer DEFAULT 1,
    bag_zaakadres integer,
    is_group integer,
    besluit integer,
    date_fromcurrentdate integer DEFAULT 0,
    value_default text,
    pip_can_change boolean,
    publish_public integer,
    referential character varying(12),
    is_systeemkenmerk boolean DEFAULT false
);


--
-- Name: zaaktype_kenmerken_id_seq; Type: SEQUENCE; Schema: public; Owner: -
--

CREATE SEQUENCE zaaktype_kenmerken_id_seq
    START WITH 1
    INCREMENT BY 1
    NO MINVALUE
    NO MAXVALUE
    CACHE 1;


--
-- Name: zaaktype_kenmerken_id_seq; Type: SEQUENCE OWNED BY; Schema: public; Owner: -
--

ALTER SEQUENCE zaaktype_kenmerken_id_seq OWNED BY zaaktype_kenmerken.id;


--
-- Name: zaaktype_node; Type: TABLE; Schema: public; Owner: -; Tablespace: 
--

CREATE TABLE zaaktype_node (
    id integer NOT NULL,
    zaaktype_id integer,
    zaaktype_rt_queue text,
    code text,
    trigger text,
    titel character varying(128),
    version integer,
    active integer,
    created timestamp without time zone,
    last_modified timestamp without time zone,
    deleted timestamp without time zone,
    webform_toegang integer,
    webform_authenticatie text,
    adres_relatie text,
    aanvrager_hergebruik integer,
    automatisch_aanvragen integer,
    automatisch_behandelen integer,
    toewijzing_zaakintake integer,
    toelichting character varying(128),
    online_betaling integer,
    zaaktype_definitie_id integer,
    adres_andere_locatie integer,
    adres_aanvrager integer,
    bedrijfid_wijzigen integer,
    zaaktype_vertrouwelijk integer,
    zaaktype_trefwoorden text,
    zaaktype_omschrijving text,
    extra_relaties_in_aanvraag boolean,
    properties text,
    contact_info_intake boolean DEFAULT true
);


--
-- Name: zaaktype_node_id_seq; Type: SEQUENCE; Schema: public; Owner: -
--

CREATE SEQUENCE zaaktype_node_id_seq
    START WITH 1
    INCREMENT BY 1
    NO MINVALUE
    NO MAXVALUE
    CACHE 1;


--
-- Name: zaaktype_node_id_seq; Type: SEQUENCE OWNED BY; Schema: public; Owner: -
--

ALTER SEQUENCE zaaktype_node_id_seq OWNED BY zaaktype_node.id;


--
-- Name: zaaktype_notificatie; Type: TABLE; Schema: public; Owner: -; Tablespace: 
--

CREATE TABLE zaaktype_notificatie (
    id integer NOT NULL,
    zaaktype_node_id integer,
    zaak_status_id integer,
    label text,
    rcpt text,
    onderwerp text,
    bericht text,
    created timestamp without time zone,
    last_modified timestamp without time zone,
    intern_block integer,
    email character varying(128),
    bibliotheek_notificaties_id integer,
    behandelaar character varying(255),
    automatic integer
);


--
-- Name: zaaktype_notificatie_id_seq; Type: SEQUENCE; Schema: public; Owner: -
--

CREATE SEQUENCE zaaktype_notificatie_id_seq
    START WITH 1
    INCREMENT BY 1
    NO MINVALUE
    NO MAXVALUE
    CACHE 1;


--
-- Name: zaaktype_notificatie_id_seq; Type: SEQUENCE OWNED BY; Schema: public; Owner: -
--

ALTER SEQUENCE zaaktype_notificatie_id_seq OWNED BY zaaktype_notificatie.id;


--
-- Name: zaaktype_regel; Type: TABLE; Schema: public; Owner: -; Tablespace: 
--

CREATE TABLE zaaktype_regel (
    id integer NOT NULL,
    zaaktype_node_id integer,
    zaak_status_id integer,
    naam text,
    created timestamp without time zone,
    last_modified timestamp without time zone,
    settings text
);


--
-- Name: zaaktype_regel_id_seq; Type: SEQUENCE; Schema: public; Owner: -
--

CREATE SEQUENCE zaaktype_regel_id_seq
    START WITH 1
    INCREMENT BY 1
    NO MINVALUE
    NO MAXVALUE
    CACHE 1;


--
-- Name: zaaktype_regel_id_seq; Type: SEQUENCE OWNED BY; Schema: public; Owner: -
--

ALTER SEQUENCE zaaktype_regel_id_seq OWNED BY zaaktype_regel.id;


--
-- Name: zaaktype_relatie; Type: TABLE; Schema: public; Owner: -; Tablespace: 
--

CREATE TABLE zaaktype_relatie (
    id integer NOT NULL,
    zaaktype_node_id integer,
    relatie_zaaktype_id integer,
    zaaktype_status_id integer,
    relatie_type text,
    eigenaar_type text DEFAULT 'aanvrager'::text NOT NULL,
    start_delay character varying(255),
    created timestamp without time zone,
    last_modified timestamp without time zone,
    status integer,
    kopieren_kenmerken integer,
    delay_type character varying(255),
    ou_id integer,
    role_id integer,
    automatisch_behandelen boolean,
    required character varying(12),
    parent_advance_results text
);


--
-- Name: zaaktype_relatie_id_seq; Type: SEQUENCE; Schema: public; Owner: -
--

CREATE SEQUENCE zaaktype_relatie_id_seq
    START WITH 1
    INCREMENT BY 1
    NO MINVALUE
    NO MAXVALUE
    CACHE 1;


--
-- Name: zaaktype_relatie_id_seq; Type: SEQUENCE OWNED BY; Schema: public; Owner: -
--

ALTER SEQUENCE zaaktype_relatie_id_seq OWNED BY zaaktype_relatie.id;


--
-- Name: zaaktype_resultaten; Type: TABLE; Schema: public; Owner: -; Tablespace: 
--

CREATE TABLE zaaktype_resultaten (
    id integer NOT NULL,
    zaaktype_node_id integer,
    zaaktype_status_id integer,
    resultaat text,
    ingang text,
    bewaartermijn integer,
    created timestamp without time zone,
    last_modified timestamp without time zone,
    dossiertype character varying(50),
    label text,
    selectielijst text,
    archiefnominatie text,
    comments text
);


--
-- Name: zaaktype_resultaten_id_seq; Type: SEQUENCE; Schema: public; Owner: -
--

CREATE SEQUENCE zaaktype_resultaten_id_seq
    START WITH 1
    INCREMENT BY 1
    NO MINVALUE
    NO MAXVALUE
    CACHE 1;


--
-- Name: zaaktype_resultaten_id_seq; Type: SEQUENCE OWNED BY; Schema: public; Owner: -
--

ALTER SEQUENCE zaaktype_resultaten_id_seq OWNED BY zaaktype_resultaten.id;


--
-- Name: zaaktype_sjablonen; Type: TABLE; Schema: public; Owner: -; Tablespace: 
--

CREATE TABLE zaaktype_sjablonen (
    id integer NOT NULL,
    zaaktype_node_id integer,
    bibliotheek_sjablonen_id integer,
    help text,
    zaak_status_id integer,
    created timestamp without time zone,
    last_modified timestamp without time zone,
    automatisch_genereren integer,
    bibliotheek_kenmerken_id integer,
    target_format character varying(5)
);


--
-- Name: zaaktype_sjablonen_id_seq; Type: SEQUENCE; Schema: public; Owner: -
--

CREATE SEQUENCE zaaktype_sjablonen_id_seq
    START WITH 1
    INCREMENT BY 1
    NO MINVALUE
    NO MAXVALUE
    CACHE 1;


--
-- Name: zaaktype_sjablonen_id_seq; Type: SEQUENCE OWNED BY; Schema: public; Owner: -
--

ALTER SEQUENCE zaaktype_sjablonen_id_seq OWNED BY zaaktype_sjablonen.id;


--
-- Name: zaaktype_status; Type: TABLE; Schema: public; Owner: -; Tablespace: 
--

CREATE TABLE zaaktype_status (
    id integer NOT NULL,
    zaaktype_node_id integer,
    status integer,
    status_type text,
    naam text,
    created timestamp without time zone,
    last_modified timestamp without time zone,
    ou_id integer,
    role_id integer,
    checklist integer,
    fase character varying(255),
    role_set integer
);


--
-- Name: zaaktype_status_checklist_item; Type: TABLE; Schema: public; Owner: -; Tablespace: 
--

CREATE TABLE zaaktype_status_checklist_item (
    id integer NOT NULL,
    casetype_status_id integer NOT NULL,
    label text
);


--
-- Name: zaaktype_status_checklist_item_id_seq; Type: SEQUENCE; Schema: public; Owner: -
--

CREATE SEQUENCE zaaktype_status_checklist_item_id_seq
    START WITH 1
    INCREMENT BY 1
    NO MINVALUE
    NO MAXVALUE
    CACHE 1;


--
-- Name: zaaktype_status_checklist_item_id_seq; Type: SEQUENCE OWNED BY; Schema: public; Owner: -
--

ALTER SEQUENCE zaaktype_status_checklist_item_id_seq OWNED BY zaaktype_status_checklist_item.id;


--
-- Name: zaaktype_status_id_seq; Type: SEQUENCE; Schema: public; Owner: -
--

CREATE SEQUENCE zaaktype_status_id_seq
    START WITH 1
    INCREMENT BY 1
    NO MINVALUE
    NO MAXVALUE
    CACHE 1;


--
-- Name: zaaktype_status_id_seq; Type: SEQUENCE OWNED BY; Schema: public; Owner: -
--

ALTER SEQUENCE zaaktype_status_id_seq OWNED BY zaaktype_status.id;


--
-- Name: id; Type: DEFAULT; Schema: public; Owner: -
--

ALTER TABLE ONLY adres ALTER COLUMN id SET DEFAULT nextval('adres_id_seq'::regclass);


--
-- Name: searchable_id; Type: DEFAULT; Schema: public; Owner: -
--

ALTER TABLE ONLY bedrijf ALTER COLUMN searchable_id SET DEFAULT nextval('searchable_searchable_id_seq'::regclass);


--
-- Name: id; Type: DEFAULT; Schema: public; Owner: -
--

ALTER TABLE ONLY bedrijf ALTER COLUMN id SET DEFAULT nextval('bedrijf_id_seq'::regclass);


--
-- Name: id; Type: DEFAULT; Schema: public; Owner: -
--

ALTER TABLE ONLY bedrijf_authenticatie ALTER COLUMN id SET DEFAULT nextval('bedrijf_authenticatie_id_seq'::regclass);


--
-- Name: id; Type: DEFAULT; Schema: public; Owner: -
--

ALTER TABLE ONLY beheer_import ALTER COLUMN id SET DEFAULT nextval('beheer_import_id_seq'::regclass);


--
-- Name: id; Type: DEFAULT; Schema: public; Owner: -
--

ALTER TABLE ONLY beheer_import_log ALTER COLUMN id SET DEFAULT nextval('beheer_import_log_id_seq'::regclass);


--
-- Name: id; Type: DEFAULT; Schema: public; Owner: -
--

ALTER TABLE ONLY beheer_plugins ALTER COLUMN id SET DEFAULT nextval('beheer_plugins_id_seq'::regclass);


--
-- Name: id; Type: DEFAULT; Schema: public; Owner: -
--

ALTER TABLE ONLY betrokkene_notes ALTER COLUMN id SET DEFAULT nextval('betrokkene_notes_id_seq'::regclass);


--
-- Name: id; Type: DEFAULT; Schema: public; Owner: -
--

ALTER TABLE ONLY betrokkenen ALTER COLUMN id SET DEFAULT nextval('betrokkenen_id_seq'::regclass);


--
-- Name: searchable_id; Type: DEFAULT; Schema: public; Owner: -
--

ALTER TABLE ONLY bibliotheek_categorie ALTER COLUMN searchable_id SET DEFAULT nextval('searchable_searchable_id_seq'::regclass);


--
-- Name: id; Type: DEFAULT; Schema: public; Owner: -
--

ALTER TABLE ONLY bibliotheek_categorie ALTER COLUMN id SET DEFAULT nextval('bibliotheek_categorie_id_seq'::regclass);


--
-- Name: searchable_id; Type: DEFAULT; Schema: public; Owner: -
--

ALTER TABLE ONLY bibliotheek_kenmerken ALTER COLUMN searchable_id SET DEFAULT nextval('searchable_searchable_id_seq'::regclass);


--
-- Name: id; Type: DEFAULT; Schema: public; Owner: -
--

ALTER TABLE ONLY bibliotheek_kenmerken ALTER COLUMN id SET DEFAULT nextval('bibliotheek_kenmerken_id_seq'::regclass);


--
-- Name: id; Type: DEFAULT; Schema: public; Owner: -
--

ALTER TABLE ONLY bibliotheek_kenmerken_values ALTER COLUMN id SET DEFAULT nextval('bibliotheek_kenmerken_values_id_seq'::regclass);


--
-- Name: id; Type: DEFAULT; Schema: public; Owner: -
--

ALTER TABLE ONLY bibliotheek_notificatie_kenmerk ALTER COLUMN id SET DEFAULT nextval('bibliotheek_notificatie_kenmerk_id_seq'::regclass);


--
-- Name: searchable_id; Type: DEFAULT; Schema: public; Owner: -
--

ALTER TABLE ONLY bibliotheek_notificaties ALTER COLUMN searchable_id SET DEFAULT nextval('searchable_searchable_id_seq'::regclass);


--
-- Name: id; Type: DEFAULT; Schema: public; Owner: -
--

ALTER TABLE ONLY bibliotheek_notificaties ALTER COLUMN id SET DEFAULT nextval('bibliotheek_notificaties_id_seq'::regclass);


--
-- Name: searchable_id; Type: DEFAULT; Schema: public; Owner: -
--

ALTER TABLE ONLY bibliotheek_sjablonen ALTER COLUMN searchable_id SET DEFAULT nextval('searchable_searchable_id_seq'::regclass);


--
-- Name: id; Type: DEFAULT; Schema: public; Owner: -
--

ALTER TABLE ONLY bibliotheek_sjablonen ALTER COLUMN id SET DEFAULT nextval('bibliotheek_sjablonen_id_seq'::regclass);


--
-- Name: id; Type: DEFAULT; Schema: public; Owner: -
--

ALTER TABLE ONLY bibliotheek_sjablonen_magic_string ALTER COLUMN id SET DEFAULT nextval('bibliotheek_sjablonen_magic_string_id_seq'::regclass);


--
-- Name: id; Type: DEFAULT; Schema: public; Owner: -
--

ALTER TABLE ONLY case_action ALTER COLUMN id SET DEFAULT nextval('case_action_id_seq'::regclass);


--
-- Name: id; Type: DEFAULT; Schema: public; Owner: -
--

ALTER TABLE ONLY case_relation ALTER COLUMN id SET DEFAULT nextval('case_relation_id_seq'::regclass);


--
-- Name: id; Type: DEFAULT; Schema: public; Owner: -
--

ALTER TABLE ONLY checklist ALTER COLUMN id SET DEFAULT nextval('checklist_id_seq'::regclass);


--
-- Name: id; Type: DEFAULT; Schema: public; Owner: -
--

ALTER TABLE ONLY checklist_item ALTER COLUMN id SET DEFAULT nextval('checklist_item_id_seq'::regclass);


--
-- Name: id; Type: DEFAULT; Schema: public; Owner: -
--

ALTER TABLE ONLY config ALTER COLUMN id SET DEFAULT nextval('config_id_seq'::regclass);


--
-- Name: id; Type: DEFAULT; Schema: public; Owner: -
--

ALTER TABLE ONLY contact_data ALTER COLUMN id SET DEFAULT nextval('contact_data_id_seq'::regclass);


--
-- Name: id; Type: DEFAULT; Schema: public; Owner: -
--

ALTER TABLE ONLY contactmoment ALTER COLUMN id SET DEFAULT nextval('contactmoment_id_seq'::regclass);


--
-- Name: id; Type: DEFAULT; Schema: public; Owner: -
--

ALTER TABLE ONLY contactmoment_email ALTER COLUMN id SET DEFAULT nextval('contactmoment_email_id_seq'::regclass);


--
-- Name: id; Type: DEFAULT; Schema: public; Owner: -
--

ALTER TABLE ONLY contactmoment_note ALTER COLUMN id SET DEFAULT nextval('contactmoment_note_id_seq'::regclass);


--
-- Name: id; Type: DEFAULT; Schema: public; Owner: -
--

ALTER TABLE ONLY directory ALTER COLUMN id SET DEFAULT nextval('directory_id_seq'::regclass);


--
-- Name: id; Type: DEFAULT; Schema: public; Owner: -
--

ALTER TABLE ONLY file ALTER COLUMN id SET DEFAULT nextval('file_id_seq'::regclass);


--
-- Name: id; Type: DEFAULT; Schema: public; Owner: -
--

ALTER TABLE ONLY file_metadata ALTER COLUMN id SET DEFAULT nextval('file_metadata_id_seq'::regclass);


--
-- Name: id; Type: DEFAULT; Schema: public; Owner: -
--

ALTER TABLE ONLY filestore ALTER COLUMN id SET DEFAULT nextval('filestore_id_seq'::regclass);


--
-- Name: id; Type: DEFAULT; Schema: public; Owner: -
--

ALTER TABLE ONLY gm_adres ALTER COLUMN id SET DEFAULT nextval('gm_adres_id_seq'::regclass);


--
-- Name: id; Type: DEFAULT; Schema: public; Owner: -
--

ALTER TABLE ONLY gm_bedrijf ALTER COLUMN id SET DEFAULT nextval('gm_bedrijf_id_seq'::regclass);


--
-- Name: id; Type: DEFAULT; Schema: public; Owner: -
--

ALTER TABLE ONLY gm_natuurlijk_persoon ALTER COLUMN id SET DEFAULT nextval('gm_natuurlijk_persoon_id_seq'::regclass);


--
-- Name: id; Type: DEFAULT; Schema: public; Owner: -
--

ALTER TABLE ONLY jobs ALTER COLUMN id SET DEFAULT nextval('jobs_id_seq'::regclass);


--
-- Name: searchable_id; Type: DEFAULT; Schema: public; Owner: -
--

ALTER TABLE ONLY kennisbank_producten ALTER COLUMN searchable_id SET DEFAULT nextval('searchable_searchable_id_seq'::regclass);


--
-- Name: id; Type: DEFAULT; Schema: public; Owner: -
--

ALTER TABLE ONLY kennisbank_producten ALTER COLUMN id SET DEFAULT nextval('kennisbank_producten_id_seq'::regclass);


--
-- Name: id; Type: DEFAULT; Schema: public; Owner: -
--

ALTER TABLE ONLY kennisbank_relaties ALTER COLUMN id SET DEFAULT nextval('kennisbank_relaties_id_seq'::regclass);


--
-- Name: searchable_id; Type: DEFAULT; Schema: public; Owner: -
--

ALTER TABLE ONLY kennisbank_vragen ALTER COLUMN searchable_id SET DEFAULT nextval('searchable_searchable_id_seq'::regclass);


--
-- Name: id; Type: DEFAULT; Schema: public; Owner: -
--

ALTER TABLE ONLY kennisbank_vragen ALTER COLUMN id SET DEFAULT nextval('kennisbank_vragen_id_seq'::regclass);


--
-- Name: id; Type: DEFAULT; Schema: public; Owner: -
--

ALTER TABLE ONLY logging ALTER COLUMN id SET DEFAULT nextval('logging_id_seq'::regclass);


--
-- Name: searchable_id; Type: DEFAULT; Schema: public; Owner: -
--

ALTER TABLE ONLY natuurlijk_persoon ALTER COLUMN searchable_id SET DEFAULT nextval('searchable_searchable_id_seq'::regclass);


--
-- Name: id; Type: DEFAULT; Schema: public; Owner: -
--

ALTER TABLE ONLY natuurlijk_persoon ALTER COLUMN id SET DEFAULT nextval('natuurlijk_persoon_id_seq'::regclass);


--
-- Name: id; Type: DEFAULT; Schema: public; Owner: -
--

ALTER TABLE ONLY notitie ALTER COLUMN id SET DEFAULT nextval('notitie_id_seq'::regclass);


--
-- Name: id; Type: DEFAULT; Schema: public; Owner: -
--

ALTER TABLE ONLY parkeergebied ALTER COLUMN id SET DEFAULT nextval('parkeergebied_id_seq'::regclass);


--
-- Name: id; Type: DEFAULT; Schema: public; Owner: -
--

ALTER TABLE ONLY parkeergebied_kosten ALTER COLUMN id SET DEFAULT nextval('parkeergebied_kosten_id_seq'::regclass);


--
-- Name: id; Type: DEFAULT; Schema: public; Owner: -
--

ALTER TABLE ONLY sbus_logging ALTER COLUMN id SET DEFAULT nextval('sbus_logging_id_seq'::regclass);


--
-- Name: id; Type: DEFAULT; Schema: public; Owner: -
--

ALTER TABLE ONLY sbus_traffic ALTER COLUMN id SET DEFAULT nextval('sbus_traffic_id_seq'::regclass);


--
-- Name: id; Type: DEFAULT; Schema: public; Owner: -
--

ALTER TABLE ONLY scheduled_jobs ALTER COLUMN id SET DEFAULT nextval('scheduled_jobs_id_seq'::regclass);


--
-- Name: id; Type: DEFAULT; Schema: public; Owner: -
--

ALTER TABLE ONLY search_query ALTER COLUMN id SET DEFAULT nextval('search_query_id_seq'::regclass);


--
-- Name: id; Type: DEFAULT; Schema: public; Owner: -
--

ALTER TABLE ONLY search_query_delen ALTER COLUMN id SET DEFAULT nextval('search_query_delen_id_seq'::regclass);


--
-- Name: searchable_id; Type: DEFAULT; Schema: public; Owner: -
--

ALTER TABLE ONLY searchable ALTER COLUMN searchable_id SET DEFAULT nextval('searchable_searchable_id_seq'::regclass);


--
-- Name: id; Type: DEFAULT; Schema: public; Owner: -
--

ALTER TABLE ONLY seen ALTER COLUMN id SET DEFAULT nextval('seen_id_seq'::regclass);


--
-- Name: id; Type: DEFAULT; Schema: public; Owner: -
--

ALTER TABLE ONLY settings ALTER COLUMN id SET DEFAULT nextval('settings_id_seq'::regclass);


--
-- Name: id; Type: DEFAULT; Schema: public; Owner: -
--

ALTER TABLE ONLY woz_objects ALTER COLUMN id SET DEFAULT nextval('woz_objects_id_seq'::regclass);


--
-- Name: searchable_id; Type: DEFAULT; Schema: public; Owner: -
--

ALTER TABLE ONLY zaak ALTER COLUMN searchable_id SET DEFAULT nextval('searchable_searchable_id_seq'::regclass);


--
-- Name: id; Type: DEFAULT; Schema: public; Owner: -
--

ALTER TABLE ONLY zaak ALTER COLUMN id SET DEFAULT nextval('zaak_id_seq'::regclass);


--
-- Name: id; Type: DEFAULT; Schema: public; Owner: -
--

ALTER TABLE ONLY zaak_bag ALTER COLUMN id SET DEFAULT nextval('zaak_bag_id_seq'::regclass);


--
-- Name: id; Type: DEFAULT; Schema: public; Owner: -
--

ALTER TABLE ONLY zaak_betrokkenen ALTER COLUMN id SET DEFAULT nextval('zaak_betrokkenen_id_seq'::regclass);


--
-- Name: id; Type: DEFAULT; Schema: public; Owner: -
--

ALTER TABLE ONLY zaak_kenmerk ALTER COLUMN id SET DEFAULT nextval('zaak_kenmerk_id_seq'::regclass);


--
-- Name: id; Type: DEFAULT; Schema: public; Owner: -
--

ALTER TABLE ONLY zaak_meta ALTER COLUMN id SET DEFAULT nextval('zaak_meta_id_seq'::regclass);


--
-- Name: id; Type: DEFAULT; Schema: public; Owner: -
--

ALTER TABLE ONLY zaak_subcase ALTER COLUMN id SET DEFAULT nextval('zaak_subcase_id_seq'::regclass);


--
-- Name: searchable_id; Type: DEFAULT; Schema: public; Owner: -
--

ALTER TABLE ONLY zaaktype ALTER COLUMN searchable_id SET DEFAULT nextval('searchable_searchable_id_seq'::regclass);


--
-- Name: id; Type: DEFAULT; Schema: public; Owner: -
--

ALTER TABLE ONLY zaaktype ALTER COLUMN id SET DEFAULT nextval('zaaktype_id_seq'::regclass);


--
-- Name: id; Type: DEFAULT; Schema: public; Owner: -
--

ALTER TABLE ONLY zaaktype_authorisation ALTER COLUMN id SET DEFAULT nextval('zaaktype_authorisation_id_seq'::regclass);


--
-- Name: id; Type: DEFAULT; Schema: public; Owner: -
--

ALTER TABLE ONLY zaaktype_betrokkenen ALTER COLUMN id SET DEFAULT nextval('zaaktype_betrokkenen_id_seq'::regclass);


--
-- Name: id; Type: DEFAULT; Schema: public; Owner: -
--

ALTER TABLE ONLY zaaktype_definitie ALTER COLUMN id SET DEFAULT nextval('zaaktype_definitie_id_seq'::regclass);


--
-- Name: id; Type: DEFAULT; Schema: public; Owner: -
--

ALTER TABLE ONLY zaaktype_kenmerken ALTER COLUMN id SET DEFAULT nextval('zaaktype_kenmerken_id_seq'::regclass);


--
-- Name: id; Type: DEFAULT; Schema: public; Owner: -
--

ALTER TABLE ONLY zaaktype_node ALTER COLUMN id SET DEFAULT nextval('zaaktype_node_id_seq'::regclass);


--
-- Name: id; Type: DEFAULT; Schema: public; Owner: -
--

ALTER TABLE ONLY zaaktype_notificatie ALTER COLUMN id SET DEFAULT nextval('zaaktype_notificatie_id_seq'::regclass);


--
-- Name: id; Type: DEFAULT; Schema: public; Owner: -
--

ALTER TABLE ONLY zaaktype_regel ALTER COLUMN id SET DEFAULT nextval('zaaktype_regel_id_seq'::regclass);


--
-- Name: id; Type: DEFAULT; Schema: public; Owner: -
--

ALTER TABLE ONLY zaaktype_relatie ALTER COLUMN id SET DEFAULT nextval('zaaktype_relatie_id_seq'::regclass);


--
-- Name: id; Type: DEFAULT; Schema: public; Owner: -
--

ALTER TABLE ONLY zaaktype_resultaten ALTER COLUMN id SET DEFAULT nextval('zaaktype_resultaten_id_seq'::regclass);


--
-- Name: id; Type: DEFAULT; Schema: public; Owner: -
--

ALTER TABLE ONLY zaaktype_sjablonen ALTER COLUMN id SET DEFAULT nextval('zaaktype_sjablonen_id_seq'::regclass);


--
-- Name: id; Type: DEFAULT; Schema: public; Owner: -
--

ALTER TABLE ONLY zaaktype_status ALTER COLUMN id SET DEFAULT nextval('zaaktype_status_id_seq'::regclass);


--
-- Name: id; Type: DEFAULT; Schema: public; Owner: -
--

ALTER TABLE ONLY zaaktype_status_checklist_item ALTER COLUMN id SET DEFAULT nextval('zaaktype_status_checklist_item_id_seq'::regclass);


--
-- Data for Name: adres; Type: TABLE DATA; Schema: public; Owner: -
--

COPY adres (id, straatnaam, huisnummer, huisletter, huisnummertoevoeging, nadere_aanduiding, postcode, woonplaats, gemeentedeel, functie_adres, datum_aanvang_bewoning, woonplaats_id, gemeente_code, hash, import_datum, deleted_on) FROM stdin;
1	Jimlaan	42	X	\N	\N	1234AB	Hilversum	\N	\N	\N	\N	\N	\N	2013-01-04 10:33:38	\N
\.


--
-- Name: adres_id_seq; Type: SEQUENCE SET; Schema: public; Owner: -
--

SELECT pg_catalog.setval('adres_id_seq', 1, true);


--
-- Data for Name: bag_ligplaats; Type: TABLE DATA; Schema: public; Owner: -
--

COPY bag_ligplaats (identificatie, begindatum, einddatum, officieel, status, hoofdadres, inonderzoek, documentdatum, documentnummer, correctie) FROM stdin;
\.


--
-- Data for Name: bag_ligplaats_nevenadres; Type: TABLE DATA; Schema: public; Owner: -
--

COPY bag_ligplaats_nevenadres (identificatie, begindatum, nevenadres, correctie) FROM stdin;
\.


--
-- Data for Name: bag_nummeraanduiding; Type: TABLE DATA; Schema: public; Owner: -
--

COPY bag_nummeraanduiding (identificatie, begindatum, einddatum, huisnummer, officieel, huisletter, huisnummertoevoeging, postcode, woonplaats, inonderzoek, openbareruimte, type, documentdatum, documentnummer, status, correctie) FROM stdin;
\.


--
-- Data for Name: bag_openbareruimte; Type: TABLE DATA; Schema: public; Owner: -
--

COPY bag_openbareruimte (identificatie, begindatum, einddatum, naam, officieel, woonplaats, type, inonderzoek, documentdatum, documentnummer, status, correctie) FROM stdin;
\.


--
-- Data for Name: bag_pand; Type: TABLE DATA; Schema: public; Owner: -
--

COPY bag_pand (identificatie, begindatum, einddatum, officieel, bouwjaar, status, inonderzoek, documentdatum, documentnummer, correctie) FROM stdin;
\.


--
-- Data for Name: bag_standplaats; Type: TABLE DATA; Schema: public; Owner: -
--

COPY bag_standplaats (identificatie, begindatum, einddatum, officieel, status, hoofdadres, inonderzoek, documentdatum, documentnummer, correctie) FROM stdin;
\.


--
-- Data for Name: bag_verblijfsobject; Type: TABLE DATA; Schema: public; Owner: -
--

COPY bag_verblijfsobject (identificatie, begindatum, einddatum, officieel, hoofdadres, oppervlakte, status, inonderzoek, documentdatum, documentnummer, correctie) FROM stdin;
\.


--
-- Data for Name: bag_verblijfsobject_gebruiksdoel; Type: TABLE DATA; Schema: public; Owner: -
--

COPY bag_verblijfsobject_gebruiksdoel (identificatie, begindatum, gebruiksdoel, correctie) FROM stdin;
\.


--
-- Data for Name: bag_verblijfsobject_pand; Type: TABLE DATA; Schema: public; Owner: -
--

COPY bag_verblijfsobject_pand (identificatie, begindatum, pand, correctie) FROM stdin;
\.


--
-- Data for Name: bag_woonplaats; Type: TABLE DATA; Schema: public; Owner: -
--

COPY bag_woonplaats (identificatie, begindatum, einddatum, officieel, naam, status, inonderzoek, documentdatum, documentnummer, correctie) FROM stdin;
\.


--
-- Data for Name: bedrijf; Type: TABLE DATA; Schema: public; Owner: -
--

COPY bedrijf (search_index, search_term, object_type, searchable_id, id, dossiernummer, subdossiernummer, hoofdvestiging_dossiernummer, hoofdvestiging_subdossiernummer, vorig_dossiernummer, vorig_subdossiernummer, handelsnaam, rechtsvorm, kamernummer, faillisement, surseance, telefoonnummer, email, vestiging_adres, vestiging_straatnaam, vestiging_huisnummer, vestiging_huisnummertoevoeging, vestiging_postcodewoonplaats, vestiging_postcode, vestiging_woonplaats, correspondentie_adres, correspondentie_straatnaam, correspondentie_huisnummer, correspondentie_huisnummertoevoeging, correspondentie_postcodewoonplaats, correspondentie_postcode, correspondentie_woonplaats, hoofdactiviteitencode, nevenactiviteitencode1, nevenactiviteitencode2, werkzamepersonen, contact_naam, contact_aanspreektitel, contact_voorletters, contact_voorvoegsel, contact_geslachtsnaam, contact_geslachtsaanduiding, authenticated, authenticatedby, fulldossiernummer, import_datum, deleted_on, verblijfsobject_id, system_of_record, system_of_record_id) FROM stdin;
\.


--
-- Data for Name: bedrijf_authenticatie; Type: TABLE DATA; Schema: public; Owner: -
--

COPY bedrijf_authenticatie (id, gegevens_magazijn_id, login, password, created, last_modified) FROM stdin;
\.


--
-- Name: bedrijf_authenticatie_id_seq; Type: SEQUENCE SET; Schema: public; Owner: -
--

SELECT pg_catalog.setval('bedrijf_authenticatie_id_seq', 1, false);


--
-- Name: bedrijf_id_seq; Type: SEQUENCE SET; Schema: public; Owner: -
--

SELECT pg_catalog.setval('bedrijf_id_seq', 1, false);


--
-- Data for Name: beheer_import; Type: TABLE DATA; Schema: public; Owner: -
--

COPY beheer_import (id, importtype, succesvol, finished, import_create, import_update, error, error_message, entries, created, last_modified) FROM stdin;
\.


--
-- Name: beheer_import_id_seq; Type: SEQUENCE SET; Schema: public; Owner: -
--

SELECT pg_catalog.setval('beheer_import_id_seq', 1, false);


--
-- Data for Name: beheer_import_log; Type: TABLE DATA; Schema: public; Owner: -
--

COPY beheer_import_log (id, import_id, old_data, new_data, created, last_modified, kolom, identifier, action) FROM stdin;
\.


--
-- Name: beheer_import_log_id_seq; Type: SEQUENCE SET; Schema: public; Owner: -
--

SELECT pg_catalog.setval('beheer_import_log_id_seq', 1, false);


--
-- Data for Name: beheer_plugins; Type: TABLE DATA; Schema: public; Owner: -
--

COPY beheer_plugins (id, label, naam, help, versie, actief, last_modified) FROM stdin;
\.


--
-- Name: beheer_plugins_id_seq; Type: SEQUENCE SET; Schema: public; Owner: -
--

SELECT pg_catalog.setval('beheer_plugins_id_seq', 1, false);


--
-- Data for Name: betrokkene_notes; Type: TABLE DATA; Schema: public; Owner: -
--

COPY betrokkene_notes (id, betrokkene_exid, betrokkene_type, betrokkene_from, ntype, subject, message, created, last_modified) FROM stdin;
\.


--
-- Name: betrokkene_notes_id_seq; Type: SEQUENCE SET; Schema: public; Owner: -
--

SELECT pg_catalog.setval('betrokkene_notes_id_seq', 1, false);


--
-- Data for Name: betrokkenen; Type: TABLE DATA; Schema: public; Owner: -
--

COPY betrokkenen (id, btype, gm_natuurlijk_persoon_id, naam) FROM stdin;
\.


--
-- Name: betrokkenen_id_seq; Type: SEQUENCE SET; Schema: public; Owner: -
--

SELECT pg_catalog.setval('betrokkenen_id_seq', 1, false);


--
-- Data for Name: bibliotheek_categorie; Type: TABLE DATA; Schema: public; Owner: -
--

COPY bibliotheek_categorie (search_index, search_term, object_type, searchable_id, id, naam, label, description, help, created, last_modified, system, pid) FROM stdin;
\N	Testing	bibliotheek_categorie	11	2	Testing	\N	\N	\N	\N	\N	\N	\N
\.


--
-- Name: bibliotheek_categorie_id_seq; Type: SEQUENCE SET; Schema: public; Owner: -
--

SELECT pg_catalog.setval('bibliotheek_categorie_id_seq', 2, true);


--
-- Data for Name: bibliotheek_kenmerken; Type: TABLE DATA; Schema: public; Owner: -
--

COPY bibliotheek_kenmerken (search_index, search_term, object_type, searchable_id, id, naam, value_type, value_default, label, description, help, magic_string, created, last_modified, bibliotheek_categorie_id, document_categorie, system, type_multiple, deleted, file_metadata_id) FROM stdin;
\N	Test 01	bibliotheek_kenmerken	12	1	Test 01	checkbox	\N	\N	\N	\N	test_01	\N	\N	2	Advies	\N	\N	\N	\N
\N	Test 02	bibliotheek_kenmerken	13	2	Test 02	date	\N	\N	\N	\N	test_02	\N	\N	2	Advies	\N	\N	\N	\N
\N	Test 03	bibliotheek_kenmerken	14	3	Test 03	option	\N	\N	\N	\N	test_03	\N	\N	2	Advies	\N	\N	\N	\N
\N	Omschrijving	bibliotheek_kenmerken	15	4	Omschrijving	textarea	\N	\N	\N	\N	omschrijving	\N	\N	2	Advies	\N	\N	\N	\N
\N	Test 04	bibliotheek_kenmerken	16	5	Test 04	numeric	\N	\N	\N	\N	test_04	\N	\N	2	Advies	\N	\N	\N	\N
\N	Test 05	bibliotheek_kenmerken	17	6	Test 05	file	\N	\N	\N	\N	test_05	\N	\N	2	Bewijsstuk	\N	\N	\N	\N
\N	Test 06	bibliotheek_kenmerken	18	7	Test 06	file	\N	\N	\N	\N	test_06	\N	\N	2	Bewijsstuk	\N	\N	\N	\N
\N	Test 07	bibliotheek_kenmerken	19	8	Test 07	option	\N	\N	\N	\N	test_07	\N	\N	2	Advies	\N	\N	\N	\N
\N	Test 08	bibliotheek_kenmerken	23	9	Test 08	text	\N	\N	\N	\N	test_08	\N	\N	2	Advies	\N	\N	\N	\N
\N	Test 09	bibliotheek_kenmerken	25	10	Test 09	option	\N	\N	\N	\N	test_09	\N	\N	2	Advies	\N	\N	\N	\N
\N	Toelichting	bibliotheek_kenmerken	26	11	Toelichting	textarea	\N	\N	\N	\N	toelichting	\N	\N	2	Advies	\N	\N	\N	\N
\N	Test A	bibliotheek_kenmerken	29	12	Test A	file	\N	\N	\N	\N	test_a	\N	\N	2	Bewijsstuk	\N	\N	\N	\N
\.


--
-- Name: bibliotheek_kenmerken_id_seq; Type: SEQUENCE SET; Schema: public; Owner: -
--

SELECT pg_catalog.setval('bibliotheek_kenmerken_id_seq', 12, true);


--
-- Data for Name: bibliotheek_kenmerken_values; Type: TABLE DATA; Schema: public; Owner: -
--

COPY bibliotheek_kenmerken_values (id, bibliotheek_kenmerken_id, value) FROM stdin;
1	1	Optie 1
2	1	Optie 2
3	1	Optie 3
4	3	Optie A
5	3	Optie B
6	8	Ja
7	8	Nee
8	10	Ja
9	10	Nee
\.


--
-- Name: bibliotheek_kenmerken_values_id_seq; Type: SEQUENCE SET; Schema: public; Owner: -
--

SELECT pg_catalog.setval('bibliotheek_kenmerken_values_id_seq', 9, true);


--
-- Data for Name: bibliotheek_notificatie_kenmerk; Type: TABLE DATA; Schema: public; Owner: -
--

COPY bibliotheek_notificatie_kenmerk (id, bibliotheek_notificatie_id, bibliotheek_kenmerken_id) FROM stdin;
\.


--
-- Name: bibliotheek_notificatie_kenmerk_id_seq; Type: SEQUENCE SET; Schema: public; Owner: -
--

SELECT pg_catalog.setval('bibliotheek_notificatie_kenmerk_id_seq', 1, false);


--
-- Data for Name: bibliotheek_notificaties; Type: TABLE DATA; Schema: public; Owner: -
--

COPY bibliotheek_notificaties (search_index, search_term, object_type, searchable_id, id, bibliotheek_categorie_id, label, subject, message, created, last_modified, deleted) FROM stdin;
\N	OntvangstbevestigingOntvangstbevestigingGeachte meneer/mevrouw [[aanvrager_achternaam]],\r\n\r\nOp [[registratiedatum]] heeft u een aanvraag ontvangen voor een [[zaaktype]] gedaan. Bij deze bevestigen wij de ontvangst van uw aanvraag, welke bij ons geregistreerd staat onder zaaknummer [[zaaknummer]]. In geval van correspondentie verzoeken wij u dit zaaknummer te gebruiken.\r\n\r\nWij streven er naar om uw aanvraag uiterlijk [[streefafhandeldatum]] te hebben afgehandeld. Tijdens de behandeling van uw aanvraag houden wij u op de hoogte van de voortgang.\r\n\r\nMet vriendelijke groet,\r\n\r\nHet testteam	bibliotheek_notificaties	21	3	2	Ontvangstbevestiging	Ontvangstbevestiging	Geachte meneer/mevrouw [[aanvrager_achternaam]],\r\n\r\nOp [[registratiedatum]] heeft u een aanvraag ontvangen voor een [[zaaktype]] gedaan. Bij deze bevestigen wij de ontvangst van uw aanvraag, welke bij ons geregistreerd staat onder zaaknummer [[zaaknummer]]. In geval van correspondentie verzoeken wij u dit zaaknummer te gebruiken.\r\n\r\nWij streven er naar om uw aanvraag uiterlijk [[streefafhandeldatum]] te hebben afgehandeld. Tijdens de behandeling van uw aanvraag houden wij u op de hoogte van de voortgang.\r\n\r\nMet vriendelijke groet,\r\n\r\nHet testteam	\N	\N	\N
\N	Beoordeling negatiefBeoordeling negatief zaaknummer [[zaaknummer]]Aan: behandelaar van zaaknummer [[zaaknummer]]\r\n\r\nIk heb deze zaak beoordeeld en besloten de zaak niet te accorderen. Neem contact op met de aanvrager.\r\n\r\nMet vriendelijke groet,\r\n\r\n[[beoordelaar_naam]]	bibliotheek_notificaties	22	4	2	Beoordeling negatief	Beoordeling negatief zaaknummer [[zaaknummer]]	Aan: behandelaar van zaaknummer [[zaaknummer]]\r\n\r\nIk heb deze zaak beoordeeld en besloten de zaak niet te accorderen. Neem contact op met de aanvrager.\r\n\r\nMet vriendelijke groet,\r\n\r\n[[beoordelaar_naam]]	\N	\N	\N
\N	Beoordeling positiefBeoordeling positief zaaknummer [[zaaknummer]]Aan: behandelaar van zaaknummer [[zaaknummer]]\r\n\r\nIk heb deze zaak beoordeeld en besloten de zaak te accorderen. Deze zaak mag worden afgehandeld.\r\n\r\nMet vriendelijke groet,\r\n\r\n[[beoordelaar_naam]]	bibliotheek_notificaties	24	5	2	Beoordeling positief	Beoordeling positief zaaknummer [[zaaknummer]]	Aan: behandelaar van zaaknummer [[zaaknummer]]\r\n\r\nIk heb deze zaak beoordeeld en besloten de zaak te accorderen. Deze zaak mag worden afgehandeld.\r\n\r\nMet vriendelijke groet,\r\n\r\n[[beoordelaar_naam]]	\N	\N	\N
\.


--
-- Name: bibliotheek_notificaties_id_seq; Type: SEQUENCE SET; Schema: public; Owner: -
--

SELECT pg_catalog.setval('bibliotheek_notificaties_id_seq', 5, true);


--
-- Data for Name: bibliotheek_sjablonen; Type: TABLE DATA; Schema: public; Owner: -
--

COPY bibliotheek_sjablonen (search_index, search_term, object_type, searchable_id, id, bibliotheek_categorie_id, naam, label, description, help, created, last_modified, filestore_id, deleted) FROM stdin;
\N	Beoordeling positief	bibliotheek_sjablonen	27	1	2	Beoordeling positief	\N	\N	\N	\N	\N	\N	\N
\N	Beoordeling negatief	bibliotheek_sjablonen	28	2	2	Beoordeling negatief	\N	\N	\N	\N	\N	\N	\N
\.


--
-- Name: bibliotheek_sjablonen_id_seq; Type: SEQUENCE SET; Schema: public; Owner: -
--

SELECT pg_catalog.setval('bibliotheek_sjablonen_id_seq', 2, true);


--
-- Data for Name: bibliotheek_sjablonen_magic_string; Type: TABLE DATA; Schema: public; Owner: -
--

COPY bibliotheek_sjablonen_magic_string (id, bibliotheek_sjablonen_id, value) FROM stdin;
1	1	zaaknummer
2	1	beoordelaar_naam
3	2	zaaknummer
4	2	beoordelaar_naam
\.


--
-- Name: bibliotheek_sjablonen_magic_string_id_seq; Type: SEQUENCE SET; Schema: public; Owner: -
--

SELECT pg_catalog.setval('bibliotheek_sjablonen_magic_string_id_seq', 4, true);


--
-- Data for Name: case_action; Type: TABLE DATA; Schema: public; Owner: -
--

COPY case_action (id, case_id, casetype_status_id, type, label, automatic, data, state_tainted, data_tainted) FROM stdin;
\.


--
-- Name: case_action_id_seq; Type: SEQUENCE SET; Schema: public; Owner: -
--

SELECT pg_catalog.setval('case_action_id_seq', 1, false);


--
-- Data for Name: case_relation; Type: TABLE DATA; Schema: public; Owner: -
--

COPY case_relation (id, case_id_a, case_id_b, order_seq_a, order_seq_b, type_a, type_b) FROM stdin;
\.


--
-- Name: case_relation_id_seq; Type: SEQUENCE SET; Schema: public; Owner: -
--

SELECT pg_catalog.setval('case_relation_id_seq', 1, false);


--
-- Data for Name: checklist; Type: TABLE DATA; Schema: public; Owner: -
--

COPY checklist (id, case_id, case_milestone) FROM stdin;
1	2	3
2	2	2
3	2	4
\.


--
-- Name: checklist_antwoord_id_seq; Type: SEQUENCE SET; Schema: public; Owner: -
--

SELECT pg_catalog.setval('checklist_antwoord_id_seq', 1, true);


--
-- Name: checklist_id_seq; Type: SEQUENCE SET; Schema: public; Owner: -
--

SELECT pg_catalog.setval('checklist_id_seq', 3, true);


--
-- Data for Name: checklist_item; Type: TABLE DATA; Schema: public; Owner: -
--

COPY checklist_item (id, checklist_id, label, state, sequence, user_defined, deprecated_answer) FROM stdin;
1	2	Is alle info juist ingevuld?	t	1	f	ja
\.


--
-- Name: checklist_item_id_seq; Type: SEQUENCE SET; Schema: public; Owner: -
--

SELECT pg_catalog.setval('checklist_item_id_seq', 1, true);


--
-- Data for Name: config; Type: TABLE DATA; Schema: public; Owner: -
--

COPY config (id, parameter, value, advanced) FROM stdin;
2	allocation_notification_template_id		f
1	jodconverter_url	http://localhost:8080/converter/service	t
\.


--
-- Name: config_id_seq; Type: SEQUENCE SET; Schema: public; Owner: -
--

SELECT pg_catalog.setval('config_id_seq', 4, true);


--
-- Data for Name: contact_data; Type: TABLE DATA; Schema: public; Owner: -
--

COPY contact_data (id, gegevens_magazijn_id, betrokkene_type, mobiel, telefoonnummer, email, created, last_modified) FROM stdin;
1	1	1	\N	\N	laura@mintlab.nl	\N	\N
\.


--
-- Name: contact_data_id_seq; Type: SEQUENCE SET; Schema: public; Owner: -
--

SELECT pg_catalog.setval('contact_data_id_seq', 1, true);


--
-- Data for Name: contactmoment; Type: TABLE DATA; Schema: public; Owner: -
--

COPY contactmoment (id, subject_id, case_id, type, medium, date_created, created_by) FROM stdin;
5	\N	2	email	email	2013-01-24 14:10:41	betrokkene-medewerker-20000
6	\N	2	email	email	2013-01-24 14:18:08	betrokkene-medewerker-20000
\.


--
-- Data for Name: contactmoment_email; Type: TABLE DATA; Schema: public; Owner: -
--

COPY contactmoment_email (id, filestore_id, contactmoment_id, body, subject, recipient) FROM stdin;
3	3	5	Geachte meneer/mevrouw de Blauwe-Martin,\r\n\r\nOp 24-01-2013 heeft u een aanvraag ontvangen voor een Testzaaktype gedaan. Bij deze bevestigen wij de ontvangst van uw aanvraag, welke bij ons geregistreerd staat onder zaaknummer 2. In geval van correspondentie verzoeken wij u dit zaaknummer te gebruiken.\r\n\r\nWij streven er naar om uw aanvraag uiterlijk 29-01-2013 te hebben afgehandeld. Tijdens de behandeling van uw aanvraag houden wij u op de hoogte van de voortgang.\r\n\r\nMet vriendelijke groet,\r\n\r\nHet testteam	Ontvangstbevestiging	laura@mintlab.nl
4	4	6	Aan: behandelaar van zaaknummer 2\r\n\r\nIk heb deze zaak beoordeeld en besloten de zaak te accorderen. Deze zaak mag worden afgehandeld.\r\n\r\nMet vriendelijke groet,\r\n\r\n	Beoordeling positief zaaknummer 2	laura@mintlab.nl
\.


--
-- Name: contactmoment_email_id_seq; Type: SEQUENCE SET; Schema: public; Owner: -
--

SELECT pg_catalog.setval('contactmoment_email_id_seq', 4, true);


--
-- Name: contactmoment_id_seq; Type: SEQUENCE SET; Schema: public; Owner: -
--

SELECT pg_catalog.setval('contactmoment_id_seq', 6, true);


--
-- Data for Name: contactmoment_note; Type: TABLE DATA; Schema: public; Owner: -
--

COPY contactmoment_note (id, message, contactmoment_id) FROM stdin;
\.


--
-- Name: contactmoment_note_id_seq; Type: SEQUENCE SET; Schema: public; Owner: -
--

SELECT pg_catalog.setval('contactmoment_note_id_seq', 1, false);


--
-- Data for Name: directory; Type: TABLE DATA; Schema: public; Owner: -
--

COPY directory (id, name, case_id) FROM stdin;
\.


--
-- Name: directory_id_seq; Type: SEQUENCE SET; Schema: public; Owner: -
--

SELECT pg_catalog.setval('directory_id_seq', 1, false);


--
-- Data for Name: file; Type: TABLE DATA; Schema: public; Owner: -
--

COPY file (search_index, search_term, object_type, searchable_id, id, filestore_id, name, extension, root_file_id, version, case_id, metadata_id, subject_id, directory_id, case_type_document_id, creation_reason, accepted, rejection_reason, reject_to_queue, is_duplicate_name, publish_pip, publish_website, date_created, created_by, date_modified, modified_by, date_deleted, deleted_by, destroyed, scheduled_jobs_id) FROM stdin;
\.


--
-- Name: file_id_seq; Type: SEQUENCE SET; Schema: public; Owner: -
--

SELECT pg_catalog.setval('file_id_seq', 1, false);


--
-- Data for Name: file_metadata; Type: TABLE DATA; Schema: public; Owner: -
--

COPY file_metadata (id, description, trust_level, origin, document_category) FROM stdin;
\.


--
-- Name: file_metadata_id_seq; Type: SEQUENCE SET; Schema: public; Owner: -
--

SELECT pg_catalog.setval('file_metadata_id_seq', 1, false);


--
-- Data for Name: filestore; Type: TABLE DATA; Schema: public; Owner: -
--

COPY filestore (id, uuid, thumbnail_uuid, original_name, size, mimetype, md5, date_created) FROM stdin;
3	61491ebf-0de4-4292-b27f-15699aca7625	\N	laura@mintlab.nl.email	644	text/plain	de7b2316c6de5e22c2fe681ddbf9fd12	2013-06-18 08:40:31.899684
4	6d851c69-d131-42ba-896d-62d8514884d0	\N	laura@mintlab.nl.email	313	text/plain	e496b14038351c41454cabf21ab713ed	2013-06-18 08:40:31.899684
\.


--
-- Name: filestore_id_seq; Type: SEQUENCE SET; Schema: public; Owner: -
--

SELECT pg_catalog.setval('filestore_id_seq', 4, true);


--
-- Data for Name: gm_adres; Type: TABLE DATA; Schema: public; Owner: -
--

COPY gm_adres (id, straatnaam, huisnummer, huisletter, huisnummertoevoeging, nadere_aanduiding, postcode, woonplaats, gemeentedeel, functie_adres, datum_aanvang_bewoning, woonplaats_id, gemeente_code, hash, import_datum) FROM stdin;
2	Jimlaan	42	X	\N	\N	1234AB	Hilversum	\N	\N	\N	\N	\N	\N	\N
\.


--
-- Name: gm_adres_id_seq; Type: SEQUENCE SET; Schema: public; Owner: -
--

SELECT pg_catalog.setval('gm_adres_id_seq', 2, true);


--
-- Data for Name: gm_bedrijf; Type: TABLE DATA; Schema: public; Owner: -
--

COPY gm_bedrijf (id, gegevens_magazijn_id, dossiernummer, subdossiernummer, hoofdvestiging_dossiernummer, hoofdvestiging_subdossiernummer, vorig_dossiernummer, vorig_subdossiernummer, handelsnaam, rechtsvorm, kamernummer, faillisement, surseance, telefoonnummer, email, vestiging_adres, vestiging_straatnaam, vestiging_huisnummer, vestiging_huisnummertoevoeging, vestiging_postcodewoonplaats, vestiging_postcode, vestiging_woonplaats, correspondentie_adres, correspondentie_straatnaam, correspondentie_huisnummer, correspondentie_huisnummertoevoeging, correspondentie_postcodewoonplaats, correspondentie_postcode, correspondentie_woonplaats, hoofdactiviteitencode, nevenactiviteitencode1, nevenactiviteitencode2, werkzamepersonen, contact_naam, contact_aanspreektitel, contact_voorletters, contact_voorvoegsel, contact_geslachtsnaam, contact_geslachtsaanduiding, authenticated, authenticatedby, import_datum, verblijfsobject_id) FROM stdin;
\.


--
-- Name: gm_bedrijf_id_seq; Type: SEQUENCE SET; Schema: public; Owner: -
--

SELECT pg_catalog.setval('gm_bedrijf_id_seq', 1, false);


--
-- Data for Name: gm_natuurlijk_persoon; Type: TABLE DATA; Schema: public; Owner: -
--

COPY gm_natuurlijk_persoon (id, gegevens_magazijn_id, betrokkene_type, burgerservicenummer, a_nummer, voorletters, voornamen, geslachtsnaam, voorvoegsel, geslachtsaanduiding, nationaliteitscode1, nationaliteitscode2, nationaliteitscode3, geboortegemeente, geboorteplaats, geboortegemeente_omschrijving, geboorteregio, geboorteland, geboortedatum, aanhef_aanschrijving, voorletters_aanschrijving, voornamen_aanschrijving, naam_aanschrijving, voorvoegsel_aanschrijving, burgerlijke_staat, indicatie_gezag, indicatie_curatele, indicatie_geheim, aanduiding_verblijfsrecht, datum_aanvang_verblijfsrecht, datum_einde_verblijfsrecht, aanduiding_soort_vreemdeling, land_vanwaar_ingeschreven, land_waarnaar_vertrokken, adres_buitenland1, adres_buitenland2, adres_buitenland3, nnp_ts, hash, import_datum, adres_id, authenticatedby, authenticated, datum_overlijden, verblijfsobject_id, aanduiding_naamgebruik, onderzoek_persoon, onderzoek_persoon_ingang, onderzoek_persoon_einde, onderzoek_persoon_onjuist, onderzoek_huwelijk, onderzoek_huwelijk_ingang, onderzoek_huwelijk_einde, onderzoek_huwelijk_onjuist, onderzoek_overlijden, onderzoek_overlijden_ingang, onderzoek_overlijden_einde, onderzoek_overlijden_onjuist, onderzoek_verblijfplaats, onderzoek_verblijfplaats_ingang, onderzoek_verblijfplaats_einde, onderzoek_verblijfplaats_onjuist, partner_a_nummer, partner_burgerservicenummer, partner_voorvoegsel, partner_geslachtsnaam, datum_huwelijk, datum_huwelijk_ontbinding) FROM stdin;
2	1	\N	164783248	1269458621	\N	Jim Willemina	Martin	\N	V	\N	\N	\N	\N	Hilversum	\N	\N	Nederland	1971-05-10 00:00:00	\N	\N	\N	\N	\N	\N	\N	\N	\N	\N	\N	\N	\N	\N	\N	\N	\N	\N	\N	\N	2010-08-31 13:54:23	2	\N	\N	\N	\N	V	\N	\N	\N	\N	\N	\N	\N	\N	\N	\N	\N	\N	\N	\N	\N	\N	\N	176572243	de	Blauwe	2011-03-12 00:00:00	\N
\.


--
-- Name: gm_natuurlijk_persoon_id_seq; Type: SEQUENCE SET; Schema: public; Owner: -
--

SELECT pg_catalog.setval('gm_natuurlijk_persoon_id_seq', 2, true);


--
-- Data for Name: jobs; Type: TABLE DATA; Schema: public; Owner: -
--

COPY jobs (id, bericht, task_context, task, raw_input, raw_result, created, last_modified, deleted) FROM stdin;
\.


--
-- Name: jobs_id_seq; Type: SEQUENCE SET; Schema: public; Owner: -
--

SELECT pg_catalog.setval('jobs_id_seq', 1, false);


--
-- Data for Name: kennisbank_producten; Type: TABLE DATA; Schema: public; Owner: -
--

COPY kennisbank_producten (search_index, search_term, object_type, searchable_id, id, pid, bibliotheek_categorie_id, naam, omschrijving, voorwaarden, aanpak, kosten, versie, author, commit_message, active, created, last_modified, deleted, omschrijving_internal, voorwaarden_internal, aanpak_internal, kosten_internal, external, internal, publication, coupling, external_id) FROM stdin;
\.


--
-- Name: kennisbank_producten_id_seq; Type: SEQUENCE SET; Schema: public; Owner: -
--

SELECT pg_catalog.setval('kennisbank_producten_id_seq', 1, false);


--
-- Data for Name: kennisbank_relaties; Type: TABLE DATA; Schema: public; Owner: -
--

COPY kennisbank_relaties (id, kennisbank_producten_id, kennisbank_vragen_id, zaaktype_id) FROM stdin;
\.


--
-- Name: kennisbank_relaties_id_seq; Type: SEQUENCE SET; Schema: public; Owner: -
--

SELECT pg_catalog.setval('kennisbank_relaties_id_seq', 1, false);


--
-- Data for Name: kennisbank_vragen; Type: TABLE DATA; Schema: public; Owner: -
--

COPY kennisbank_vragen (search_index, search_term, object_type, searchable_id, id, pid, bibliotheek_categorie_id, naam, vraag, antwoord, versie, author, commit_message, active, last_viewed, created, last_modified, deleted, external_id) FROM stdin;
\.


--
-- Name: kennisbank_vragen_id_seq; Type: SEQUENCE SET; Schema: public; Owner: -
--

SELECT pg_catalog.setval('kennisbank_vragen_id_seq', 1, false);


--
-- Data for Name: logging; Type: TABLE DATA; Schema: public; Owner: -
--

COPY logging (id, loglevel, zaak_id, betrokkene_id, aanvrager_id, is_bericht, component, component_id, seen, onderwerp, bericht, created, last_modified, deleted_on, event_type, event_data, created_by, modified_by, deleted_by, created_for) FROM stdin;
5	2	\N	betrokkene-medewerker-20000	\N	\N	kenmerk	1	\N	Kenmerk 1 (Test 01) aangemaakt, opmerking: Nieuw aangemaakt 	\N	2013-01-22 15:34:28	2013-01-22 14:34:28	\N	\N	\N	\N	\N	\N	\N
6	2	\N	betrokkene-medewerker-20000	\N	\N	kenmerk	2	\N	Kenmerk 2 (Test 02) aangemaakt, opmerking: Nieuw aangemaakt 	\N	2013-01-22 15:34:46	2013-01-22 14:34:46	\N	\N	\N	\N	\N	\N	\N
7	2	\N	betrokkene-medewerker-20000	\N	\N	kenmerk	3	\N	Kenmerk 3 (Test 03) aangemaakt, opmerking: Nieuw aangemaakt 	\N	2013-01-22 15:35:36	2013-01-22 14:35:36	\N	\N	\N	\N	\N	\N	\N
8	2	\N	betrokkene-medewerker-20000	\N	\N	kenmerk	4	\N	Kenmerk 4 (Omschrijving) aangemaakt, opmerking: Nieuw aangemaakt 	\N	2013-01-22 15:37:05	2013-01-22 14:37:05	\N	\N	\N	\N	\N	\N	\N
9	2	\N	betrokkene-medewerker-20000	\N	\N	kenmerk	5	\N	Kenmerk 5 (Test 04) aangemaakt, opmerking: Nieuw aangemaakt 	\N	2013-01-22 15:37:41	2013-01-22 14:37:41	\N	\N	\N	\N	\N	\N	\N
10	2	\N	betrokkene-medewerker-20000	\N	\N	kenmerk	6	\N	Kenmerk 6 (Test 05) aangemaakt, opmerking: Nieuw aangemaakt 	\N	2013-01-22 15:37:59	2013-01-22 14:37:59	\N	\N	\N	\N	\N	\N	\N
11	2	\N	betrokkene-medewerker-20000	\N	\N	kenmerk	7	\N	Kenmerk 7 (Test 06) aangemaakt, opmerking: Nieuw aangemaakt 	\N	2013-01-22 15:38:50	2013-01-22 14:38:50	\N	\N	\N	\N	\N	\N	\N
12	2	\N	betrokkene-medewerker-20000	\N	\N	kenmerk	8	\N	Kenmerk 8 (Test 07) aangemaakt, opmerking: Nieuw aangemaakt 	\N	2013-01-22 15:39:41	2013-01-22 14:39:41	\N	\N	\N	\N	\N	\N	\N
13	2	\N	betrokkene-medewerker-20000	\N	\N	zaaktype	6	\N	Zaaktype 6 (Testzaaktype) opgeslagen, Componenten gewijzigd: kenmerken	\N	2013-01-22 15:40:10	2013-01-22 14:40:10	\N	\N	\N	\N	\N	\N	\N
14	2	\N	betrokkene-medewerker-20000	\N	\N	notificatie	3	\N	E-mailsjabloon 3 (Ontvangstbevestiging) aangemaakt, opmerking: Nieuw aangemaakt 	\N	2013-01-22 15:43:36	2013-01-22 14:43:36	\N	\N	\N	\N	\N	\N	\N
15	2	\N	betrokkene-medewerker-20000	\N	\N	notificatie	4	\N	E-mailsjabloon 4 (Beoordeling negatief) aangemaakt, opmerking: Nieuw aangemaakt 	\N	2013-01-22 15:47:38	2013-01-22 14:47:38	\N	\N	\N	\N	\N	\N	\N
16	2	\N	betrokkene-medewerker-20000	\N	\N	kenmerk	9	\N	Kenmerk 9 (Test 08) aangemaakt, opmerking: Nieuw aangemaakt 	\N	2013-01-22 15:49:33	2013-01-22 14:49:33	\N	\N	\N	\N	\N	\N	\N
17	2	\N	betrokkene-medewerker-20000	\N	\N	notificatie	5	\N	E-mailsjabloon 5 (Beoordeling positief zaaknummer [[zaaknummer]]) aangemaakt, opmerking: Nieuw aangemaakt 	\N	2013-01-22 15:50:25	2013-01-22 14:50:25	\N	\N	\N	\N	\N	\N	\N
18	2	\N	betrokkene-medewerker-20000	\N	\N	notificatie	5	\N	E-mailsjabloon 5 (Beoordeling positief) opgeslagen, opmerking: Wijziging 	\N	2013-01-22 15:50:48	2013-01-22 14:50:48	\N	\N	\N	\N	\N	\N	\N
19	2	\N	betrokkene-medewerker-20000	\N	\N	notificatie	4	\N	E-mailsjabloon 4 (Beoordeling negatief) opgeslagen, opmerking: Wijziging 	\N	2013-01-22 15:51:19	2013-01-22 14:51:19	\N	\N	\N	\N	\N	\N	\N
20	2	\N	betrokkene-medewerker-20000	\N	\N	notificatie	5	\N	E-mailsjabloon 5 (Beoordeling positief) opgeslagen, opmerking: Wijziging 	\N	2013-01-22 15:52:04	2013-01-22 14:52:04	\N	\N	\N	\N	\N	\N	\N
21	2	\N	betrokkene-medewerker-20000	\N	\N	kenmerk	10	\N	Kenmerk 10 (Test 09) aangemaakt, opmerking: Nieuw aangemaakt 	\N	2013-01-22 15:53:46	2013-01-22 14:53:46	\N	\N	\N	\N	\N	\N	\N
22	2	\N	betrokkene-medewerker-20000	\N	\N	zaaktype	6	\N	Zaaktype 6 (Testzaaktype) opgeslagen, Componenten gewijzigd: kenmerken	\N	2013-01-22 15:55:29	2013-01-22 14:55:29	\N	\N	\N	\N	\N	\N	\N
23	2	\N	betrokkene-medewerker-20000	\N	\N	kenmerk	11	\N	Kenmerk 11 (Toelichting) aangemaakt, opmerking: Nieuw aangemaakt 	\N	2013-01-22 16:43:40	2013-01-22 15:43:40	\N	\N	\N	\N	\N	\N	\N
24	2	\N	betrokkene-medewerker-20000	\N	\N	zaaktype	6	\N	Zaaktype 6 (Testzaaktype) opgeslagen, Componenten gewijzigd: kenmerken, autorisatie	\N	2013-01-22 16:45:00	2013-01-22 15:45:00	\N	\N	\N	\N	\N	\N	\N
25	2	\N	betrokkene-medewerker-20000	\N	\N	zaaktype	6	\N	Zaaktype 6 (Testzaaktype) opgeslagen, Componenten gewijzigd: kenmerken	\N	2013-01-22 16:57:18	2013-01-22 15:57:18	\N	\N	\N	\N	\N	\N	\N
26	2	\N	betrokkene-medewerker-20000	\N	\N	sjabloon	1	\N	Sjabloon 1 (Beoordeling positief) aangemaakt, opmerking: Nieuw aangemaakt 	\N	2013-01-24 14:54:00	2013-01-24 13:54:00	\N	\N	\N	\N	\N	\N	\N
27	2	\N	betrokkene-medewerker-20000	\N	\N	sjabloon	2	\N	Sjabloon 2 (Beoordeling negatief) aangemaakt, opmerking: Nieuw aangemaakt 	\N	2013-01-24 14:54:26	2013-01-24 13:54:26	\N	\N	\N	\N	\N	\N	\N
28	2	\N	betrokkene-medewerker-20000	\N	\N	zaaktype	6	\N	Zaaktype 6 (Testzaaktype) opgeslagen, Componenten gewijzigd: kenmerken	\N	2013-01-24 14:58:38	2013-01-24 13:58:38	\N	\N	\N	\N	\N	\N	\N
29	2	\N	betrokkene-medewerker-20000	\N	\N	kenmerk	12	\N	Kenmerk 12 (Test A) aangemaakt, opmerking: Nieuw aangemaakt 	\N	2013-01-24 15:00:13	2013-01-24 14:00:13	\N	\N	\N	\N	\N	\N	\N
30	2	\N	betrokkene-medewerker-20000	\N	\N	zaaktype	6	\N	Zaaktype 6 (Testzaaktype) opgeslagen, Componenten gewijzigd: kenmerken	\N	2013-01-24 15:06:13	2013-01-24 14:06:13	\N	\N	\N	\N	\N	\N	\N
31	2	\N	betrokkene-medewerker-20000	\N	\N	zaaktype	6	\N	Zaaktype 6 (Testzaaktype) opgeslagen, Componenten gewijzigd: kenmerken	\N	2013-01-24 15:08:56	2013-01-24 14:08:56	\N	\N	\N	\N	\N	\N	\N
32	2	2	betrokkene-medewerker-20000	\N	\N	betrokkene	\N	\N	Betrokkene "aanvrager" gewijzigd naar: "Jim Willemina Martin"	\N	2013-01-24 15:10:41	2013-01-24 14:10:41	\N	\N	\N	\N	\N	\N	\N
33	2	2	betrokkene-medewerker-20000	\N	\N	kenmerk	\N	\N	Kenmerk "Test 01" gewijzigd naar: "Optie 3"	Optie 3	2013-01-24 15:10:41	2013-01-24 14:10:41	\N	\N	\N	\N	\N	\N	\N
34	2	2	betrokkene-medewerker-20000	\N	\N	kenmerk	\N	\N	Kenmerk "Test 03" gewijzigd naar: "Optie A"	Optie A	2013-01-24 15:10:41	2013-01-24 14:10:41	\N	\N	\N	\N	\N	\N	\N
35	2	2	betrokkene-medewerker-20000	\N	\N	kenmerk	\N	\N	Kenmerk "Test 02" gewijzigd naar: "25-01-2013"	25-01-2013	2013-01-24 15:10:41	2013-01-24 14:10:41	\N	\N	\N	\N	\N	\N	\N
36	2	2	betrokkene-medewerker-20000	\N	\N	zaak	2	\N	Zaak (2) aangemaakt	\N	2013-01-24 15:10:41	2013-01-24 14:10:41	\N	\N	\N	\N	\N	\N	\N
37	2	2	betrokkene-medewerker-20000	\N	\N	document	1	\N	Document "laura@mintlab.nl" [1] succesvol aangemaakt	\N	2013-01-24 15:10:41	2013-01-24 14:10:41	\N	\N	\N	\N	\N	\N	\N
38	2	\N	betrokkene-medewerker-20000	\N	\N	zaaktype	6	\N	Zaaktype 6 (Testzaaktype) opgeslagen, Componenten gewijzigd: basisattributen	\N	2013-01-24 15:11:44	2013-01-24 14:11:44	\N	\N	\N	\N	\N	\N	\N
39	2	2	betrokkene-medewerker-20000	\N	\N	kenmerk	\N	\N	Kenmerk "Omschrijving" gewijzigd naar: "testest"	testest	2013-01-24 15:12:52	2013-01-24 14:12:52	\N	\N	\N	\N	\N	\N	\N
40	2	2	betrokkene-medewerker-20000	\N	\N	kenmerk	8	\N	Kenmerk "Test 07" verwijderd ivm verbergen door regels.	\N	2013-01-24 15:12:52	2013-01-24 14:12:52	\N	\N	\N	\N	\N	\N	\N
41	2	2	betrokkene-medewerker-20000	\N	\N	kenmerk	\N	\N	Kenmerk "Omschrijving" gewijzigd naar: "testest"	testest	2013-01-24 15:12:57	2013-01-24 14:12:57	\N	\N	\N	\N	\N	\N	\N
42	2	2	betrokkene-medewerker-20000	\N	\N	kenmerk	\N	\N	Kenmerk "Test 07" gewijzigd naar: "Ja"	Ja	2013-01-24 15:12:57	2013-01-24 14:12:57	\N	\N	\N	\N	\N	\N	\N
43	2	2	betrokkene-medewerker-20000	\N	\N	kenmerk	\N	\N	Kenmerk "Omschrijving" gewijzigd naar: "testest"	testest	2013-01-24 15:13:07	2013-01-24 14:13:07	\N	\N	\N	\N	\N	\N	\N
44	2	2	betrokkene-medewerker-20000	\N	\N	kenmerk	\N	\N	Kenmerk "Test 07" gewijzigd naar: "Nee"	Nee	2013-01-24 15:13:07	2013-01-24 14:13:07	\N	\N	\N	\N	\N	\N	\N
45	2	2	betrokkene-medewerker-20000	\N	\N	kenmerk	\N	\N	Kenmerk "Omschrijving" gewijzigd naar: "testest"	testest	2013-01-24 15:13:54	2013-01-24 14:13:54	\N	\N	\N	\N	\N	\N	\N
46	2	2	betrokkene-medewerker-20000	\N	\N	kenmerk	\N	\N	Kenmerk "Test 04" gewijzigd naar: "09"	09	2013-01-24 15:13:54	2013-01-24 14:13:54	\N	\N	\N	\N	\N	\N	\N
47	2	2	betrokkene-medewerker-20000	\N	\N	kenmerk	\N	\N	Kenmerk "Test 07" gewijzigd naar: "Nee"	Nee	2013-01-24 15:13:54	2013-01-24 14:13:54	\N	\N	\N	\N	\N	\N	\N
48	2	2	betrokkene-medewerker-20000	\N	\N	kenmerk	\N	\N	Kenmerk "Omschrijving" gewijzigd naar: "testest"	testest	2013-01-24 15:14:06	2013-01-24 14:14:06	\N	\N	\N	\N	\N	\N	\N
49	2	2	betrokkene-medewerker-20000	\N	\N	kenmerk	\N	\N	Kenmerk "Test 04" gewijzigd naar: "09"	09	2013-01-24 15:14:07	2013-01-24 14:14:07	\N	\N	\N	\N	\N	\N	\N
50	2	2	betrokkene-medewerker-20000	\N	\N	kenmerk	\N	\N	Kenmerk "Test 07" gewijzigd naar: "Nee"	Nee	2013-01-24 15:14:07	2013-01-24 14:14:07	\N	\N	\N	\N	\N	\N	\N
51	2	2	betrokkene-medewerker-20000	\N	\N	zaak	\N	\N	Zaak geaccepteerd door "A. Admin"	\N	2013-01-24 15:14:28	2013-01-24 14:14:28	\N	\N	\N	\N	\N	\N	\N
52	2	2	betrokkene-medewerker-20000	\N	\N	betrokkene	\N	\N	Betrokkene "behandelaar" gewijzigd naar: "A. Admin"	\N	2013-01-24 15:14:28	2013-01-24 14:14:28	\N	\N	\N	\N	\N	\N	\N
53	2	2	betrokkene-medewerker-20000	\N	\N	betrokkene	\N	\N	Betrokkene "coordinator" gewijzigd naar: "A. Admin"	\N	2013-01-24 15:14:28	2013-01-24 14:14:28	\N	\N	\N	\N	\N	\N	\N
54	2	2	betrokkene-medewerker-20000	\N	\N	checklist	34	\N	Antwoord voor vraag: "Is alle info juist ingevuld?" gewijzigd naar "ja"	\N	2013-01-24 15:14:47	2013-01-24 14:14:47	\N	\N	\N	\N	\N	\N	\N
55	2	2	betrokkene-medewerker-20000	\N	\N	kenmerk	\N	\N	Kenmerk "Test 08" gewijzigd naar: "testuleer"	testuleer	2013-01-24 15:16:30	2013-01-24 14:16:30	\N	\N	\N	\N	\N	\N	\N
56	2	2	betrokkene-medewerker-20000	\N	\N	kenmerk	10	\N	Kenmerk "Test 09" verwijderd ivm verbergen door regels.	\N	2013-01-24 15:16:30	2013-01-24 14:16:30	\N	\N	\N	\N	\N	\N	\N
57	2	2	betrokkene-medewerker-20000	\N	\N	kenmerk	\N	\N	Kenmerk "Test 08" gewijzigd naar: "testuleer"	testuleer	2013-01-24 15:16:30	2013-01-24 14:16:30	\N	\N	\N	\N	\N	\N	\N
58	2	2	betrokkene-medewerker-20000	\N	\N	kenmerk	\N	\N	Kenmerk "Test 09" gewijzigd naar: "Nee"	Nee	2013-01-24 15:16:30	2013-01-24 14:16:30	\N	\N	\N	\N	\N	\N	\N
59	2	2	betrokkene-medewerker-20000	\N	\N	kenmerk	\N	\N	Kenmerk "Test 08" gewijzigd naar: "testuleer"	testuleer	2013-01-24 15:16:35	2013-01-24 14:16:35	\N	\N	\N	\N	\N	\N	\N
60	2	2	betrokkene-medewerker-20000	\N	\N	kenmerk	\N	\N	Kenmerk "Test 09" gewijzigd naar: "Ja"	Ja	2013-01-24 15:16:35	2013-01-24 14:16:35	\N	\N	\N	\N	\N	\N	\N
61	2	2	betrokkene-medewerker-20000	\N	\N	document	2	\N	Document "laura@mintlab.nl" [2] succesvol aangemaakt	\N	2013-01-24 15:18:08	2013-01-24 14:18:08	\N	\N	\N	\N	\N	\N	\N
62	2	\N	betrokkene-medewerker-20000	\N	\N	zaaktype	6	\N	Zaaktype 6 (Testzaaktype) opgeslagen, Componenten gewijzigd: kenmerken	\N	2013-01-24 15:29:24	2013-01-24 14:29:24	\N	\N	\N	\N	\N	\N	\N
63	2	2	betrokkene-medewerker-20000	\N	\N	kenmerk	\N	\N	Kenmerk "Test 08" gewijzigd naar: "testuleer"	testuleer	2013-01-24 15:31:12	2013-01-24 14:31:12	\N	\N	\N	\N	\N	\N	\N
64	2	2	betrokkene-medewerker-20000	\N	\N	kenmerk	\N	\N	Kenmerk "Test 09" gewijzigd naar: "Nee"	Nee	2013-01-24 15:31:12	2013-01-24 14:31:12	\N	\N	\N	\N	\N	\N	\N
67	2	2	\N	\N	\N	email	\N	\N	E-mail "Ontvangstbevestiging" verstuurd naar "laura@mintlab.nl"	\N	2013-06-18 06:40:32	2013-06-18 06:40:32	\N	email/send	{"attachments":null,"case_id":2,"contactmoment_id":5,"content":"Geachte meneer/mevrouw de Blauwe-Martin,\\r\\n\\r\\nOp 24-01-2013 heeft u een aanvraag ontvangen voor een Testzaaktype gedaan. Bij deze bevestigen wij de ontvangst van uw aanvraag, welke bij ons geregistreerd staat onder zaaknummer 2. In geval van correspondentie verzoeken wij u dit zaaknummer te gebruiken.\\r\\n\\r\\nWij streven er naar om uw aanvraag uiterlijk 29-01-2013 te hebben afgehandeld. Tijdens de behandeling van uw aanvraag houden wij u op de hoogte van de voortgang.\\r\\n\\r\\nMet vriendelijke groet,\\r\\n\\r\\nHet testteam","recipient":"laura@mintlab.nl","subject":"Ontvangstbevestiging"}	\N	\N	\N	\N
68	2	2	\N	\N	\N	email	\N	\N	E-mail "Beoordeling positief zaaknummer 2" verstuurd naar "laura@mintlab.nl"	\N	2013-06-18 06:40:32	2013-06-18 06:40:32	\N	email/send	{"attachments":null,"case_id":2,"contactmoment_id":6,"content":"Aan: behandelaar van zaaknummer 2\\r\\n\\r\\nIk heb deze zaak beoordeeld en besloten de zaak te accorderen. Deze zaak mag worden afgehandeld.\\r\\n\\r\\nMet vriendelijke groet,\\r\\n\\r\\n","recipient":"laura@mintlab.nl","subject":"Beoordeling positief zaaknummer 2"}	\N	\N	\N	\N
\.


--
-- Name: logging_id_seq; Type: SEQUENCE SET; Schema: public; Owner: -
--

SELECT pg_catalog.setval('logging_id_seq', 68, true);


--
-- Data for Name: natuurlijk_persoon; Type: TABLE DATA; Schema: public; Owner: -
--

COPY natuurlijk_persoon (search_index, search_term, object_type, searchable_id, id, burgerservicenummer, a_nummer, voorletters, voornamen, geslachtsnaam, voorvoegsel, geslachtsaanduiding, nationaliteitscode1, nationaliteitscode2, nationaliteitscode3, geboortegemeente, geboorteplaats, geboortegemeente_omschrijving, geboorteregio, geboorteland, geboortedatum, aanhef_aanschrijving, voorletters_aanschrijving, voornamen_aanschrijving, naam_aanschrijving, voorvoegsel_aanschrijving, burgerlijke_staat, indicatie_gezag, indicatie_curatele, indicatie_geheim, aanduiding_verblijfsrecht, datum_aanvang_verblijfsrecht, datum_einde_verblijfsrecht, aanduiding_soort_vreemdeling, land_vanwaar_ingeschreven, land_waarnaar_vertrokken, adres_buitenland1, adres_buitenland2, adres_buitenland3, nnp_ts, hash, import_datum, adres_id, email, telefoon, authenticated, authenticatedby, deleted_on, verblijfsobject_id, datum_overlijden, aanduiding_naamgebruik, onderzoek_persoon, onderzoek_persoon_ingang, onderzoek_persoon_einde, onderzoek_persoon_onjuist, onderzoek_huwelijk, onderzoek_huwelijk_ingang, onderzoek_huwelijk_einde, onderzoek_huwelijk_onjuist, onderzoek_overlijden, onderzoek_overlijden_ingang, onderzoek_overlijden_einde, onderzoek_overlijden_onjuist, onderzoek_verblijfplaats, onderzoek_verblijfplaats_ingang, onderzoek_verblijfplaats_einde, onderzoek_verblijfplaats_onjuist, partner_a_nummer, partner_burgerservicenummer, partner_voorvoegsel, partner_geslachtsnaam, datum_huwelijk, datum_huwelijk_ontbinding, system_of_record, system_of_record_id) FROM stdin;
\N	Jim Willemina Martin 164783248 1971-05-10 10-05-1971 Jimlaan 42 Hilversum 1234AB 	natuurlijk_persoon	7	1	164783248	1269458621	\N	Jim Willemina	Martin	\N	V	\N	\N	\N	\N	Hilversum	\N	\N	Nederland	1971-05-10 00:00:00	\N	\N	\N	\N	\N	\N	\N	\N	\N	\N	\N	\N	\N	\N	\N	\N	\N	\N	\N	\N	2010-08-31 13:54:23	1	\N	\N	t	\N	\N	\N	\N	V	f	\N	\N	t	f	\N	\N	t	f	\N	\N	t	f	\N	\N	t	\N	176572243	de	Blauwe	2011-03-12 00:00:00	1999-11-10 00:00:00	\N	\N
\.


--
-- Name: natuurlijk_persoon_id_seq; Type: SEQUENCE SET; Schema: public; Owner: -
--

SELECT pg_catalog.setval('natuurlijk_persoon_id_seq', 1, true);


--
-- Data for Name: notitie; Type: TABLE DATA; Schema: public; Owner: -
--

COPY notitie (id, onderwerp, bericht, contactkanaal, md5, created, last_modified, deleted) FROM stdin;
\.


--
-- Name: notitie_id_seq; Type: SEQUENCE SET; Schema: public; Owner: -
--

SELECT pg_catalog.setval('notitie_id_seq', 1, false);


--
-- Data for Name: parkeergebied; Type: TABLE DATA; Schema: public; Owner: -
--

COPY parkeergebied (id, bag_hoofdadres, postcode, straatnaam, huisnummer, huisletter, huisnummertoevoeging, parkeergebied_id, parkeergebied, created, last_modified, woonplaats) FROM stdin;
\.


--
-- Name: parkeergebied_id_seq; Type: SEQUENCE SET; Schema: public; Owner: -
--

SELECT pg_catalog.setval('parkeergebied_id_seq', 1, false);


--
-- Data for Name: parkeergebied_kosten; Type: TABLE DATA; Schema: public; Owner: -
--

COPY parkeergebied_kosten (id, betrokkene_type, parkeergebied, parkeergebied_id, aanvraag_soort, geldigheid, prijs, created, last_modified) FROM stdin;
\.


--
-- Name: parkeergebied_kosten_id_seq; Type: SEQUENCE SET; Schema: public; Owner: -
--

SELECT pg_catalog.setval('parkeergebied_kosten_id_seq', 1, false);


--
-- Data for Name: sbus_logging; Type: TABLE DATA; Schema: public; Owner: -
--

COPY sbus_logging (id, sbus_traffic_id, pid, mutatie_type, object, params, kerngegeven, label, changes, error, error_message, created, modified) FROM stdin;
\.


--
-- Name: sbus_logging_id_seq; Type: SEQUENCE SET; Schema: public; Owner: -
--

SELECT pg_catalog.setval('sbus_logging_id_seq', 1, false);


--
-- Data for Name: sbus_traffic; Type: TABLE DATA; Schema: public; Owner: -
--

COPY sbus_traffic (id, sbus_type, object, operation, input, input_raw, output, output_raw, error, error_message, created, modified) FROM stdin;
\.


--
-- Name: sbus_traffic_id_seq; Type: SEQUENCE SET; Schema: public; Owner: -
--

SELECT pg_catalog.setval('sbus_traffic_id_seq', 1, false);


--
-- Data for Name: scheduled_jobs; Type: TABLE DATA; Schema: public; Owner: -
--

COPY scheduled_jobs (id, task, scheduled_for, parameters, created, last_modified, deleted, schedule_type) FROM stdin;
\.


--
-- Name: scheduled_jobs_id_seq; Type: SEQUENCE SET; Schema: public; Owner: -
--

SELECT pg_catalog.setval('scheduled_jobs_id_seq', 1, false);


--
-- Data for Name: search_query; Type: TABLE DATA; Schema: public; Owner: -
--

COPY search_query (id, settings, ldap_id, name, sort_index) FROM stdin;
\.


--
-- Data for Name: search_query_delen; Type: TABLE DATA; Schema: public; Owner: -
--

COPY search_query_delen (id, search_query_id, ou_id, role_id) FROM stdin;
\.


--
-- Name: search_query_delen_id_seq; Type: SEQUENCE SET; Schema: public; Owner: -
--

SELECT pg_catalog.setval('search_query_delen_id_seq', 1, false);


--
-- Name: search_query_id_seq; Type: SEQUENCE SET; Schema: public; Owner: -
--

SELECT pg_catalog.setval('search_query_id_seq', 1, false);


--
-- Data for Name: searchable; Type: TABLE DATA; Schema: public; Owner: -
--

COPY searchable (search_index, search_term, object_type, searchable_id) FROM stdin;
\.


--
-- Name: searchable_searchable_id_seq; Type: SEQUENCE SET; Schema: public; Owner: -
--

SELECT pg_catalog.setval('searchable_searchable_id_seq', 35, true);


--
-- Data for Name: seen; Type: TABLE DATA; Schema: public; Owner: -
--

COPY seen (id, component, kennisbank_producten_id, kennisbank_vragen_id, betrokkene_dsn, created) FROM stdin;
\.


--
-- Name: seen_id_seq; Type: SEQUENCE SET; Schema: public; Owner: -
--

SELECT pg_catalog.setval('seen_id_seq', 1, false);


--
-- Data for Name: settings; Type: TABLE DATA; Schema: public; Owner: -
--

COPY settings (id, key, value) FROM stdin;
\.


--
-- Name: settings_id_seq; Type: SEQUENCE SET; Schema: public; Owner: -
--

SELECT pg_catalog.setval('settings_id_seq', 1, false);


--
-- Data for Name: user_app_lock; Type: TABLE DATA; Schema: public; Owner: -
--

COPY user_app_lock (type, type_id, create_unixtime, session_id, uidnumber) FROM stdin;
\.


--
-- Data for Name: woz_objects; Type: TABLE DATA; Schema: public; Owner: -
--

COPY woz_objects (id, object_data, owner, object_id) FROM stdin;
\.


--
-- Name: woz_objects_id_seq; Type: SEQUENCE SET; Schema: public; Owner: -
--

SELECT pg_catalog.setval('woz_objects_id_seq', 1, false);


--
-- Data for Name: zaak; Type: TABLE DATA; Schema: public; Owner: -
--

COPY zaak (search_index, search_term, object_type, searchable_id, id, pid, relates_to, zaaktype_id, zaaktype_node_id, status, milestone, contactkanaal, aanvraag_trigger, onderwerp, resultaat, besluit, coordinator, behandelaar, aanvrager, route_ou, route_role, locatie_zaak, locatie_correspondentie, streefafhandeldatum, registratiedatum, afhandeldatum, vernietigingsdatum, created, last_modified, deleted, vervolg_van, aanvrager_gm_id, behandelaar_gm_id, coordinator_gm_id, uuid) FROM stdin;
\N	Testzaaktype 2 Jim Willemina Martin A. Admin 2013-01-24T14:09:56 testing scenario	zaak	30	2	\N	\N	6	12	open	2	behandelaar	extern	\N	afgewezen	\N	7	6	5	10011	20007	\N	\N	2013-01-29 14:09:56	2013-01-24 14:09:56	\N	\N	2013-01-24 14:09:56	2013-01-25 08:10:15	\N	\N	1	20000	20000	13f2e70b-424e-4e3c-a5f9-38f36d9b299b
\.


--
-- Data for Name: zaak_bag; Type: TABLE DATA; Schema: public; Owner: -
--

COPY zaak_bag (id, pid, zaak_id, bag_type, bag_id, bag_verblijfsobject_id, bag_openbareruimte_id, bag_nummeraanduiding_id, bag_pand_id, bag_standplaats_id, bag_ligplaats_id, bag_coordinates_wsg) FROM stdin;
\.


--
-- Name: zaak_bag_id_seq; Type: SEQUENCE SET; Schema: public; Owner: -
--

SELECT pg_catalog.setval('zaak_bag_id_seq', 1, false);


--
-- Data for Name: zaak_betrokkenen; Type: TABLE DATA; Schema: public; Owner: -
--

COPY zaak_betrokkenen (id, zaak_id, betrokkene_type, betrokkene_id, gegevens_magazijn_id, verificatie, naam, rol, magic_string_prefix, deleted, uuid) FROM stdin;
4	\N	medewerker	20000	20000	\N	A. Admin	\N	\N	\N	3ede9e9f-9ab0-4dc7-a513-9a44f11e6a13
5	2	natuurlijk_persoon	2	1	medewerker	Jim Willemina Martin	\N	\N	\N	c09a0ace-4663-4610-b135-53dd8add9d8f
6	\N	medewerker	20000	20000	\N	A. Admin	\N	\N	\N	b59cf2f2-636d-48fb-a0d0-89c843b7eebe
7	\N	medewerker	20000	20000	\N	A. Admin	\N	\N	\N	4901a581-f534-4bbe-b397-72fb18620b53
\.


--
-- Name: zaak_betrokkenen_id_seq; Type: SEQUENCE SET; Schema: public; Owner: -
--

SELECT pg_catalog.setval('zaak_betrokkenen_id_seq', 7, true);


--
-- Name: zaak_id_seq; Type: SEQUENCE SET; Schema: public; Owner: -
--

SELECT pg_catalog.setval('zaak_id_seq', 2, true);


--
-- Data for Name: zaak_kenmerk; Type: TABLE DATA; Schema: public; Owner: -
--

COPY zaak_kenmerk (zaak_id, bibliotheek_kenmerken_id, value, id) FROM stdin;
2	1	Optie 3	1
2	3	Optie A	2
2	2	25-01-2013	3
2	4	testest	12
2	5	09	13
2	8	Nee	14
2	9	testuleer	20
2	10	Nee	21
\.


--
-- Name: zaak_kenmerk_id_seq; Type: SEQUENCE SET; Schema: public; Owner: -
--

SELECT pg_catalog.setval('zaak_kenmerk_id_seq', 21, true);


--
-- Data for Name: zaak_meta; Type: TABLE DATA; Schema: public; Owner: -
--

COPY zaak_meta (id, zaak_id, verlenging, opschorten, deel, gerelateerd, vervolg, afhandeling, stalled_since) FROM stdin;
\.


--
-- Name: zaak_meta_id_seq; Type: SEQUENCE SET; Schema: public; Owner: -
--

SELECT pg_catalog.setval('zaak_meta_id_seq', 1, false);


--
-- Data for Name: zaak_onafgerond; Type: TABLE DATA; Schema: public; Owner: -
--

COPY zaak_onafgerond (zaaktype_id, betrokkene, json_string, afronden, create_unixtime) FROM stdin;
\.


--
-- Data for Name: zaak_subcase; Type: TABLE DATA; Schema: public; Owner: -
--

COPY zaak_subcase (id, zaak_id, relation_zaak_id, required, parent_advance_results) FROM stdin;
\.


--
-- Name: zaak_subcase_id_seq; Type: SEQUENCE SET; Schema: public; Owner: -
--

SELECT pg_catalog.setval('zaak_subcase_id_seq', 1, false);


--
-- Data for Name: zaaktype; Type: TABLE DATA; Schema: public; Owner: -
--

COPY zaaktype (search_index, search_term, object_type, searchable_id, id, zaaktype_node_id, version, active, created, last_modified, deleted, bibliotheek_categorie_id) FROM stdin;
\N	6 Testzaaktype testing scenario Alomvattend testzaaktype	zaaktype	20	6	14	\N	1	2013-01-22 14:40:10	2013-01-24 14:29:24	\N	2
\.


--
-- Data for Name: zaaktype_authorisation; Type: TABLE DATA; Schema: public; Owner: -
--

COPY zaaktype_authorisation (id, zaaktype_node_id, recht, created, last_modified, deleted, role_id, ou_id, zaaktype_id) FROM stdin;
37	14	zaak_edit	\N	\N	\N	20002	10020	6
38	14	zaak_edit	\N	\N	\N	20002	10011	6
39	14	zaak_read	\N	\N	\N	20002	10020	6
40	14	zaak_read	\N	\N	\N	20002	10011	6
\.


--
-- Name: zaaktype_authorisation_id_seq; Type: SEQUENCE SET; Schema: public; Owner: -
--

SELECT pg_catalog.setval('zaaktype_authorisation_id_seq', 40, true);


--
-- Data for Name: zaaktype_betrokkenen; Type: TABLE DATA; Schema: public; Owner: -
--

COPY zaaktype_betrokkenen (id, zaaktype_node_id, betrokkene_type, created, last_modified) FROM stdin;
16	6	natuurlijk_persoon	2013-01-22 14:40:10	2013-01-22 14:40:10
17	6	natuurlijk_persoon_na	2013-01-22 14:40:10	2013-01-22 14:40:10
18	6	medewerker	2013-01-22 14:40:10	2013-01-22 14:40:10
19	6	medewerker	2013-01-22 14:40:10	2013-01-22 14:40:10
20	7	natuurlijk_persoon	2013-01-22 14:55:29	2013-01-22 14:55:29
21	7	natuurlijk_persoon_na	2013-01-22 14:55:29	2013-01-22 14:55:29
22	7	medewerker	2013-01-22 14:55:29	2013-01-22 14:55:29
23	7	medewerker	2013-01-22 14:55:29	2013-01-22 14:55:29
24	8	natuurlijk_persoon	2013-01-22 15:45:00	2013-01-22 15:45:00
25	8	natuurlijk_persoon_na	2013-01-22 15:45:00	2013-01-22 15:45:00
26	8	medewerker	2013-01-22 15:45:00	2013-01-22 15:45:00
27	8	medewerker	2013-01-22 15:45:00	2013-01-22 15:45:00
28	9	natuurlijk_persoon	2013-01-22 15:57:18	2013-01-22 15:57:18
29	9	natuurlijk_persoon_na	2013-01-22 15:57:18	2013-01-22 15:57:18
30	9	medewerker	2013-01-22 15:57:18	2013-01-22 15:57:18
31	9	medewerker	2013-01-22 15:57:18	2013-01-22 15:57:18
32	10	natuurlijk_persoon	2013-01-24 13:58:38	2013-01-24 13:58:38
33	10	natuurlijk_persoon_na	2013-01-24 13:58:38	2013-01-24 13:58:38
34	10	medewerker	2013-01-24 13:58:38	2013-01-24 13:58:38
35	10	medewerker	2013-01-24 13:58:38	2013-01-24 13:58:38
36	11	natuurlijk_persoon	2013-01-24 14:06:12	2013-01-24 14:06:12
37	11	natuurlijk_persoon_na	2013-01-24 14:06:12	2013-01-24 14:06:12
38	11	medewerker	2013-01-24 14:06:12	2013-01-24 14:06:12
39	11	medewerker	2013-01-24 14:06:12	2013-01-24 14:06:12
40	12	natuurlijk_persoon	2013-01-24 14:08:56	2013-01-24 14:08:56
41	12	natuurlijk_persoon_na	2013-01-24 14:08:56	2013-01-24 14:08:56
42	12	medewerker	2013-01-24 14:08:56	2013-01-24 14:08:56
43	12	medewerker	2013-01-24 14:08:56	2013-01-24 14:08:56
44	13	natuurlijk_persoon	2013-01-24 14:11:44	2013-01-24 14:11:44
45	13	natuurlijk_persoon_na	2013-01-24 14:11:44	2013-01-24 14:11:44
46	13	medewerker	2013-01-24 14:11:44	2013-01-24 14:11:44
47	13	medewerker	2013-01-24 14:11:44	2013-01-24 14:11:44
48	14	natuurlijk_persoon	2013-01-24 14:29:24	2013-01-24 14:29:24
49	14	natuurlijk_persoon_na	2013-01-24 14:29:24	2013-01-24 14:29:24
50	14	medewerker	2013-01-24 14:29:24	2013-01-24 14:29:24
51	14	medewerker	2013-01-24 14:29:24	2013-01-24 14:29:24
\.


--
-- Name: zaaktype_betrokkenen_id_seq; Type: SEQUENCE SET; Schema: public; Owner: -
--

SELECT pg_catalog.setval('zaaktype_betrokkenen_id_seq', 51, true);


--
-- Data for Name: zaaktype_definitie; Type: TABLE DATA; Schema: public; Owner: -
--

COPY zaaktype_definitie (id, openbaarheid, handelingsinitiator, grondslag, procesbeschrijving, afhandeltermijn, afhandeltermijn_type, iv3_categorie, besluittype, selectielijst, servicenorm, servicenorm_type, pdc_voorwaarden, pdc_description, pdc_meenemen, pdc_tarief, omschrijving_upl, aard, extra_informatie, custom_webform, preset_client) FROM stdin;
6	gesloten	aangaan	nvt		5	kalenderdagen	nvt	mandaatbesluit	nvt	5	kalenderdagen	\N	\N	\N	\N					\N
7	gesloten	aangaan	nvt		5	kalenderdagen	nvt	mandaatbesluit	nvt	5	kalenderdagen	\N	\N	\N	\N					\N
8	gesloten	aangaan	nvt		5	kalenderdagen	nvt	mandaatbesluit	nvt	5	kalenderdagen	\N	\N	\N	\N					\N
9	gesloten	aangaan	nvt		5	kalenderdagen	nvt	mandaatbesluit	nvt	5	kalenderdagen	\N	\N	\N	\N					\N
10	gesloten	aangaan	nvt		5	kalenderdagen	nvt	mandaatbesluit	nvt	5	kalenderdagen	\N	\N	\N	\N					\N
11	gesloten	aangaan	nvt		5	kalenderdagen	nvt	mandaatbesluit	nvt	5	kalenderdagen	\N	\N	\N	\N					\N
12	gesloten	aangaan	nvt		5	kalenderdagen	nvt	mandaatbesluit	nvt	5	kalenderdagen	\N	\N	\N	\N					\N
13	gesloten	aanvragen	nvt		5	kalenderdagen	nvt	mandaatbesluit	nvt	5	kalenderdagen	\N	\N	\N	\N					\N
14	gesloten	aanvragen	nvt		5	kalenderdagen	nvt	mandaatbesluit	nvt	5	kalenderdagen	\N	\N	\N	\N					\N
\.


--
-- Name: zaaktype_definitie_id_seq; Type: SEQUENCE SET; Schema: public; Owner: -
--

SELECT pg_catalog.setval('zaaktype_definitie_id_seq', 14, true);


--
-- Name: zaaktype_id_seq; Type: SEQUENCE SET; Schema: public; Owner: -
--

SELECT pg_catalog.setval('zaaktype_id_seq', 6, true);


--
-- Data for Name: zaaktype_kenmerken; Type: TABLE DATA; Schema: public; Owner: -
--

COPY zaaktype_kenmerken (id, bibliotheek_kenmerken_id, value_mandatory, label, help, created, last_modified, zaaktype_node_id, zaak_status_id, pip, zaakinformatie_view, bag_zaakadres, is_group, besluit, date_fromcurrentdate, value_default, pip_can_change, publish_public, referential, is_systeemkenmerk) FROM stdin;
3	1	\N	\N	\N	\N	\N	6	8	\N	1	\N	\N	\N	\N	\N	\N	\N	\N	f
4	2	\N	\N	\N	\N	\N	6	8	\N	1	\N	\N	\N	\N	\N	\N	\N	\N	f
5	3	\N	\N	\N	\N	\N	6	8	\N	1	\N	\N	\N	\N	\N	\N	\N	\N	f
6	4	\N	\N	\N	\N	\N	6	10	\N	1	\N	\N	\N	\N	\N	\N	\N	\N	f
7	5	\N	\N	\N	\N	\N	6	10	\N	1	\N	\N	\N	\N	\N	\N	\N	\N	f
8	8	\N	\N	\N	\N	\N	6	10	\N	1	\N	\N	\N	\N	\N	\N	\N	\N	f
9	6	\N	\N	\N	\N	\N	6	10	\N	1	\N	\N	\N	\N	\N	\N	\N	\N	f
10	7	\N	\N	\N	\N	\N	6	10	\N	1	\N	\N	\N	\N	\N	\N	\N	\N	f
11	\N	\N	Benodigde gegevens	Vul de benodigde velden in voor uw zaak	\N	\N	7	11	\N	1	\N	1	\N	\N	\N	\N	\N	\N	f
12	1	\N	\N	\N	\N	\N	7	11	\N	1	\N	\N	\N	\N	\N	\N	\N	\N	f
13	2	\N	\N	\N	\N	\N	7	11	\N	1	\N	\N	\N	\N	\N	\N	\N	\N	f
14	3	\N	\N	\N	\N	\N	7	11	\N	1	\N	\N	\N	\N	\N	\N	\N	\N	f
15	9	1		Vul hier uw voor- en achternaam	\N	\N	7	13	\N	1	\N	\N	\N	\N	\N	\N	\N	\N	f
16	10	\N	\N	\N	\N	\N	7	13	\N	1	\N	\N	\N	\N	\N	\N	\N	\N	f
17	\N	\N	Benodigde gegevens	Vul de benodigde velden in voor uw zaak	\N	\N	7	14	\N	1	\N	1	\N	\N	\N	\N	\N	\N	f
18	4	\N	\N	\N	\N	\N	7	14	\N	1	\N	\N	\N	\N	\N	\N	\N	\N	f
19	5	\N	\N	\N	\N	\N	7	14	\N	1	\N	\N	\N	\N	\N	\N	\N	\N	f
20	8	\N	\N	\N	\N	\N	7	14	\N	1	\N	\N	\N	\N	\N	\N	\N	\N	f
21	6	\N	\N	\N	\N	\N	7	14	\N	1	\N	\N	\N	\N	\N	\N	\N	\N	f
22	7	\N	\N	\N	\N	\N	7	14	\N	1	\N	\N	\N	\N	\N	\N	\N	\N	f
23	11	\N	\N	\N	\N	\N	8	15	\N	1	\N	\N	\N	\N	\N	\N	\N	\N	f
24	\N	\N	Benodigde gegevens	Vul de benodigde velden in voor uw zaak	\N	\N	8	16	\N	1	\N	1	\N	\N	\N	\N	\N	\N	f
25	1	\N	\N	\N	\N	\N	8	16	\N	1	\N	\N	\N	\N	\N	\N	\N	\N	f
26	2	\N	\N	\N	\N	\N	8	16	\N	1	\N	\N	\N	\N	\N	\N	\N	\N	f
27	3	\N	\N	\N	\N	\N	8	16	\N	1	\N	\N	\N	\N	\N	\N	\N	\N	f
28	\N	\N	Benodigde gegevens	Vul de benodigde velden in voor uw zaak	\N	\N	8	17	\N	1	\N	1	\N	\N	\N	\N	\N	\N	f
29	9	1		Vul hier uw voor- en achternaam	\N	\N	8	17	\N	1	\N	\N	\N	\N	\N	\N	\N	\N	f
30	10	\N	\N	\N	\N	\N	8	17	\N	1	\N	\N	\N	\N	\N	\N	\N	\N	f
31	\N	\N	Benodigde gegevens	Vul de benodigde velden in voor uw zaak	\N	\N	8	18	\N	1	\N	1	\N	\N	\N	\N	\N	\N	f
32	4	\N	\N	\N	\N	\N	8	18	\N	1	\N	\N	\N	\N	\N	\N	\N	\N	f
33	5	\N	\N	\N	\N	\N	8	18	\N	1	\N	\N	\N	\N	\N	\N	\N	\N	f
34	8	\N	\N	\N	\N	\N	8	18	\N	1	\N	\N	\N	\N	\N	\N	\N	\N	f
35	6	\N	\N	\N	\N	\N	8	18	\N	1	\N	\N	\N	\N	\N	\N	\N	\N	f
36	7	\N	\N	\N	\N	\N	8	18	\N	1	\N	\N	\N	\N	\N	\N	\N	\N	f
37	\N	\N	Benodigde gegevens	Vul de benodigde velden in voor uw zaak	\N	\N	9	19	\N	1	\N	1	\N	\N	\N	\N	\N	\N	f
38	3	\N	\N	\N	\N	\N	9	19	\N	1	\N	\N	\N	\N	\N	\N	\N	\N	f
39	2	\N	\N	\N	\N	\N	9	19	\N	1	\N	\N	\N	\N	\N	\N	\N	\N	f
40	1	\N	\N	\N	\N	\N	9	19	\N	1	\N	\N	\N	\N	\N	\N	\N	\N	f
41	\N	\N	Benodigde gegevens	Vul de benodigde velden in voor uw zaak	\N	\N	9	20	\N	1	\N	1	\N	\N	\N	\N	\N	\N	f
42	11	\N	\N	\N	\N	\N	9	20	\N	1	\N	\N	\N	\N	\N	\N	\N	\N	f
43	\N	\N	Benodigde gegevens	Vul de benodigde velden in voor uw zaak	\N	\N	9	21	\N	1	\N	1	\N	\N	\N	\N	\N	\N	f
44	9	1		Vul hier uw voor- en achternaam	\N	\N	9	21	\N	1	\N	\N	\N	\N	\N	\N	\N	\N	f
45	10	\N	\N	\N	\N	\N	9	21	\N	1	\N	\N	\N	\N	\N	\N	\N	\N	f
46	\N	\N	Benodigde gegevens	Vul de benodigde velden in voor uw zaak	\N	\N	9	22	\N	1	\N	1	\N	\N	\N	\N	\N	\N	f
47	4	\N	\N	\N	\N	\N	9	22	\N	1	\N	\N	\N	\N	\N	\N	\N	\N	f
48	5	\N	\N	\N	\N	\N	9	22	\N	1	\N	\N	\N	\N	\N	\N	\N	\N	f
49	8	\N	\N	\N	\N	\N	9	22	\N	1	\N	\N	\N	\N	\N	\N	\N	\N	f
50	6	\N	\N	\N	\N	\N	9	22	\N	1	\N	\N	\N	\N	\N	\N	\N	\N	f
51	7	\N	\N	\N	\N	\N	9	22	\N	1	\N	\N	\N	\N	\N	\N	\N	\N	f
52	\N	\N	Benodigde gegevens	Vul de benodigde velden in voor uw zaak	\N	\N	10	23	\N	1	\N	1	\N	\N	\N	\N	\N	\N	f
53	11	\N	\N	\N	\N	\N	10	23	\N	1	\N	\N	\N	\N	\N	\N	\N	\N	f
54	\N	\N	Benodigde gegevens	Vul de benodigde velden in voor uw zaak	\N	\N	10	24	\N	1	\N	1	\N	\N	\N	\N	\N	\N	f
55	3	\N	\N	\N	\N	\N	10	24	\N	1	\N	\N	\N	\N	\N	\N	\N	\N	f
56	2	\N	\N	\N	\N	\N	10	24	\N	1	\N	\N	\N	\N	\N	\N	\N	\N	f
57	1	\N	\N	\N	\N	\N	10	24	\N	1	\N	\N	\N	\N	\N	\N	\N	\N	f
58	\N	\N	Benodigde gegevens	Vul de benodigde velden in voor uw zaak	\N	\N	10	25	\N	1	\N	1	\N	\N	\N	\N	\N	\N	f
59	9	1		Vul hier uw voor- en achternaam	\N	\N	10	25	\N	1	\N	\N	\N	\N	\N	\N	\N	\N	f
60	10	\N	\N	\N	\N	\N	10	25	\N	1	\N	\N	\N	\N	\N	\N	\N	\N	f
61	\N	\N	Benodigde gegevens	Vul de benodigde velden in voor uw zaak	\N	\N	10	26	\N	1	\N	1	\N	\N	\N	\N	\N	\N	f
62	4	\N	\N	\N	\N	\N	10	26	\N	1	\N	\N	\N	\N	\N	\N	\N	\N	f
63	5	\N	\N	\N	\N	\N	10	26	\N	1	\N	\N	\N	\N	\N	\N	\N	\N	f
64	8	\N	\N	\N	\N	\N	10	26	\N	1	\N	\N	\N	\N	\N	\N	\N	\N	f
65	6	\N	\N	\N	\N	\N	10	26	\N	1	\N	\N	\N	\N	\N	\N	\N	\N	f
66	7	\N	\N	\N	\N	\N	10	26	\N	1	\N	\N	\N	\N	\N	\N	\N	\N	f
67	\N	\N	Benodigde gegevens	Vul de benodigde velden in voor uw zaak	\N	\N	11	27	\N	1	\N	1	\N	\N	\N	\N	\N	\N	f
68	3	\N	\N	\N	\N	\N	11	27	\N	1	\N	\N	\N	\N	\N	\N	\N	\N	f
69	2	\N	\N	\N	\N	\N	11	27	\N	1	\N	\N	\N	\N	\N	\N	\N	\N	f
70	1	\N	\N	\N	\N	\N	11	27	\N	1	\N	\N	\N	\N	\N	\N	\N	\N	f
71	12	1			\N	\N	11	27	\N	1	\N	\N	\N	\N	\N	\N	\N	\N	f
72	\N	\N	Benodigde gegevens	Vul de benodigde velden in voor uw zaak	\N	\N	11	28	\N	1	\N	1	\N	\N	\N	\N	\N	\N	f
73	11	\N	\N	\N	\N	\N	11	28	\N	1	\N	\N	\N	\N	\N	\N	\N	\N	f
74	\N	\N	Benodigde gegevens	Vul de benodigde velden in voor uw zaak	\N	\N	11	29	\N	1	\N	1	\N	\N	\N	\N	\N	\N	f
75	9	1		Vul hier uw voor- en achternaam	\N	\N	11	29	\N	1	\N	\N	\N	\N	\N	\N	\N	\N	f
76	10	\N	\N	\N	\N	\N	11	29	\N	1	\N	\N	\N	\N	\N	\N	\N	\N	f
77	\N	\N	Benodigde gegevens	Vul de benodigde velden in voor uw zaak	\N	\N	11	30	\N	1	\N	1	\N	\N	\N	\N	\N	\N	f
78	4	\N	\N	\N	\N	\N	11	30	\N	1	\N	\N	\N	\N	\N	\N	\N	\N	f
79	5	\N	\N	\N	\N	\N	11	30	\N	1	\N	\N	\N	\N	\N	\N	\N	\N	f
80	8	\N	\N	\N	\N	\N	11	30	\N	1	\N	\N	\N	\N	\N	\N	\N	\N	f
81	6	1			\N	\N	11	30	\N	1	\N	\N	\N	\N	\N	\N	\N	\N	f
82	7	\N	\N	\N	\N	\N	11	30	\N	1	\N	\N	\N	\N	\N	\N	\N	\N	f
83	\N	\N	Benodigde gegevens	Vul de benodigde velden in voor uw zaak	\N	\N	12	31	\N	1	\N	1	\N	\N	\N	\N	\N	\N	f
84	11	\N	\N	\N	\N	\N	12	31	\N	1	\N	\N	\N	\N	\N	\N	\N	\N	f
85	\N	\N	Benodigde gegevens	Vul de benodigde velden in voor uw zaak	\N	\N	12	32	\N	1	\N	1	\N	\N	\N	\N	\N	\N	f
86	3	\N	\N	\N	\N	\N	12	32	\N	1	\N	\N	\N	\N	\N	\N	\N	\N	f
87	2	\N	\N	\N	\N	\N	12	32	\N	1	\N	\N	\N	\N	\N	\N	\N	\N	f
88	1	\N	\N	\N	\N	\N	12	32	\N	1	\N	\N	\N	\N	\N	\N	\N	\N	f
89	12	1			\N	\N	12	32	\N	1	\N	\N	\N	\N	\N	\N	\N	\N	f
90	\N	\N	Benodigde gegevens	Vul de benodigde velden in voor uw zaak	\N	\N	12	33	\N	1	\N	1	\N	\N	\N	\N	\N	\N	f
91	9	1		Vul hier uw voor- en achternaam	\N	\N	12	33	\N	1	\N	\N	\N	\N	\N	\N	\N	\N	f
92	10	\N	\N	\N	\N	\N	12	33	\N	1	\N	\N	\N	\N	\N	\N	\N	\N	f
93	\N	\N	Benodigde gegevens	Vul de benodigde velden in voor uw zaak	\N	\N	12	34	\N	1	\N	1	\N	\N	\N	\N	\N	\N	f
94	4	\N	\N	\N	\N	\N	12	34	\N	1	\N	\N	\N	\N	\N	\N	\N	\N	f
95	5	\N	\N	\N	\N	\N	12	34	\N	1	\N	\N	\N	\N	\N	\N	\N	\N	f
96	8	\N	\N	\N	\N	\N	12	34	\N	1	\N	\N	\N	\N	\N	\N	\N	\N	f
97	6	1			\N	\N	12	34	\N	1	\N	\N	\N	\N	\N	\N	\N	\N	f
98	7	\N	\N	\N	\N	\N	12	34	\N	1	\N	\N	\N	\N	\N	\N	\N	\N	f
118	3	\N	\N	\N	\N	\N	14	40	\N	1	\N	\N	\N	\N	\N	\N	\N	\N	f
99	\N	\N	Benodigde gegevens	Vul de benodigde velden in voor uw zaak	\N	\N	13	35	\N	1	\N	1	\N	\N	\N	\N	\N	\N	f
100	3	\N	\N	\N	\N	\N	13	35	\N	1	\N	\N	\N	\N	\N	\N	\N	\N	f
101	2	\N	\N	\N	\N	\N	13	35	\N	1	\N	\N	\N	\N	\N	\N	\N	\N	f
102	1	\N	\N	\N	\N	\N	13	35	\N	1	\N	\N	\N	\N	\N	\N	\N	\N	f
103	12	1			\N	\N	13	35	\N	1	\N	\N	\N	\N	\N	\N	\N	\N	f
104	\N	\N	Benodigde gegevens	Vul de benodigde velden in voor uw zaak	\N	\N	13	36	\N	1	\N	1	\N	\N	\N	\N	\N	\N	f
105	11	\N	\N	\N	\N	\N	13	36	\N	1	\N	\N	\N	\N	\N	\N	\N	\N	f
106	\N	\N	Benodigde gegevens	Vul de benodigde velden in voor uw zaak	\N	\N	13	37	\N	1	\N	1	\N	\N	\N	\N	\N	\N	f
107	9	1		Vul hier uw voor- en achternaam	\N	\N	13	37	\N	1	\N	\N	\N	\N	\N	\N	\N	\N	f
108	10	\N	\N	\N	\N	\N	13	37	\N	1	\N	\N	\N	\N	\N	\N	\N	\N	f
109	\N	\N	Benodigde gegevens	Vul de benodigde velden in voor uw zaak	\N	\N	13	38	\N	1	\N	1	\N	\N	\N	\N	\N	\N	f
110	4	\N	\N	\N	\N	\N	13	38	\N	1	\N	\N	\N	\N	\N	\N	\N	\N	f
111	5	\N	\N	\N	\N	\N	13	38	\N	1	\N	\N	\N	\N	\N	\N	\N	\N	f
112	8	\N	\N	\N	\N	\N	13	38	\N	1	\N	\N	\N	\N	\N	\N	\N	\N	f
113	6	1			\N	\N	13	38	\N	1	\N	\N	\N	\N	\N	\N	\N	\N	f
114	7	\N	\N	\N	\N	\N	13	38	\N	1	\N	\N	\N	\N	\N	\N	\N	\N	f
115	\N	\N	Benodigde gegevens	Vul de benodigde velden in voor uw zaak	\N	\N	14	39	\N	1	\N	1	\N	\N	\N	\N	\N	\N	f
116	11	\N	\N	\N	\N	\N	14	39	\N	1	\N	\N	\N	\N	\N	\N	\N	\N	f
117	\N	\N	Benodigde gegevens	Vul de benodigde velden in voor uw zaak	\N	\N	14	40	\N	1	\N	1	\N	\N	\N	\N	\N	\N	f
119	2	\N	\N	\N	\N	\N	14	40	\N	1	\N	\N	\N	\N	\N	\N	\N	\N	f
120	1	\N	\N	\N	\N	\N	14	40	\N	1	\N	\N	\N	\N	\N	\N	\N	\N	f
121	12	1			\N	\N	14	40	\N	1	\N	\N	\N	\N	\N	\N	\N	\N	f
122	\N	\N	Benodigde gegevens	Vul de benodigde velden in voor uw zaak	\N	\N	14	41	\N	1	\N	1	\N	\N	\N	\N	\N	\N	f
123	9	1		Vul hier uw voor- en achternaam	\N	\N	14	41	\N	1	\N	\N	\N	\N	\N	\N	\N	\N	f
124	10	\N	\N	\N	\N	\N	14	41	\N	1	\N	\N	\N	\N	\N	\N	\N	\N	f
125	\N	\N	Benodigde gegevens	Vul de benodigde velden in voor uw zaak	\N	\N	14	42	\N	1	\N	1	\N	\N	\N	\N	\N	\N	f
126	4	\N	\N	\N	\N	\N	14	42	\N	1	\N	\N	\N	\N	\N	\N	\N	\N	f
127	5	\N	\N	\N	\N	\N	14	42	\N	1	\N	\N	\N	\N	\N	\N	\N	\N	f
128	8	\N	\N	\N	\N	\N	14	42	\N	1	\N	\N	\N	\N	\N	\N	\N	\N	f
129	6	1			\N	\N	14	42	\N	1	\N	\N	\N	\N	\N	\N	\N	\N	f
130	7	\N	\N	\N	\N	\N	14	42	\N	1	\N	\N	\N	\N	\N	\N	\N	\N	f
\.


--
-- Name: zaaktype_kenmerken_id_seq; Type: SEQUENCE SET; Schema: public; Owner: -
--

SELECT pg_catalog.setval('zaaktype_kenmerken_id_seq', 130, true);


--
-- Data for Name: zaaktype_node; Type: TABLE DATA; Schema: public; Owner: -
--

COPY zaaktype_node (id, zaaktype_id, zaaktype_rt_queue, code, trigger, titel, version, active, created, last_modified, deleted, webform_toegang, webform_authenticatie, adres_relatie, aanvrager_hergebruik, automatisch_aanvragen, automatisch_behandelen, toewijzing_zaakintake, toelichting, online_betaling, zaaktype_definitie_id, adres_andere_locatie, adres_aanvrager, bedrijfid_wijzigen, zaaktype_vertrouwelijk, zaaktype_trefwoorden, zaaktype_omschrijving, extra_relaties_in_aanvraag, properties, contact_info_intake) FROM stdin;
6	6	\N	1	internextern	Testzaaktype	1	\N	2013-01-22 14:40:10	2013-01-22 14:55:29	2013-01-22 14:55:29	\N	\N	\N	\N	\N	\N	\N	\N	\N	6	\N	\N	\N	\N	testing scenario	Alomvattend testzaaktype	t	\N	\N
7	6	\N	1	internextern	Testzaaktype	2	\N	2013-01-22 14:55:29	2013-01-22 15:45:00	2013-01-22 15:45:00	\N	\N	\N	\N	\N	\N	\N	\N	\N	7	\N	\N	\N	\N	testing scenario	Alomvattend testzaaktype	t	\N	\N
8	6	\N	1	internextern	Testzaaktype	3	\N	2013-01-22 15:45:00	2013-01-22 15:57:18	2013-01-22 15:57:18	\N	\N	\N	\N	\N	\N	\N	\N	\N	8	\N	\N	\N	\N	testing scenario	Alomvattend testzaaktype	t	\N	\N
9	6	\N	1	internextern	Testzaaktype	4	\N	2013-01-22 15:57:17	2013-01-24 13:58:38	2013-01-24 13:58:38	\N	\N	\N	\N	\N	\N	\N	\N	\N	9	\N	\N	\N	\N	testing scenario	Alomvattend testzaaktype	t	\N	\N
10	6	\N	1	internextern	Testzaaktype	5	\N	2013-01-24 13:58:38	2013-01-24 14:06:12	2013-01-24 14:06:12	\N	\N	\N	\N	\N	\N	\N	\N	\N	10	\N	\N	\N	\N	testing scenario	Alomvattend testzaaktype	t	\N	\N
11	6	\N	1	internextern	Testzaaktype	6	\N	2013-01-24 14:06:12	2013-01-24 14:08:56	2013-01-24 14:08:56	\N	\N	\N	\N	\N	\N	\N	\N	\N	11	\N	\N	\N	\N	testing scenario	Alomvattend testzaaktype	t	\N	\N
12	6	\N	1	internextern	Testzaaktype	7	\N	2013-01-24 14:08:56	2013-01-24 14:11:44	2013-01-24 14:11:44	\N	\N	\N	\N	\N	\N	\N	\N	\N	12	\N	\N	\N	\N	testing scenario	Alomvattend testzaaktype	t	\N	\N
13	6	\N	1	internextern	Testzaaktype	8	\N	2013-01-24 14:11:44	2013-01-24 14:29:24	2013-01-24 14:29:24	\N	\N	\N	\N	\N	\N	\N	\N	\N	13	\N	\N	\N	\N	testing scenario	Alomvattend testzaaktype	t	\N	\N
14	6	\N	1	internextern	Testzaaktype	9	\N	2013-01-24 14:29:24	2013-01-24 14:29:24	\N	\N	\N	\N	\N	\N	\N	\N	\N	\N	14	\N	\N	\N	\N	testing scenario	Alomvattend testzaaktype	t	\N	\N
\.


--
-- Name: zaaktype_node_id_seq; Type: SEQUENCE SET; Schema: public; Owner: -
--

SELECT pg_catalog.setval('zaaktype_node_id_seq', 14, true);


--
-- Data for Name: zaaktype_notificatie; Type: TABLE DATA; Schema: public; Owner: -
--

COPY zaaktype_notificatie (id, zaaktype_node_id, zaak_status_id, label, rcpt, onderwerp, bericht, created, last_modified, intern_block, email, bibliotheek_notificaties_id, behandelaar, automatic) FROM stdin;
2	7	13	\N	aanvrager	\N	\N	\N	\N	\N		5		\N
3	7	13	\N	aanvrager	\N	\N	\N	\N	\N		4		\N
4	8	17	\N	aanvrager	\N	\N	\N	\N	\N		5		\N
5	8	17	\N	aanvrager	\N	\N	\N	\N	\N		4		\N
7	9	21	\N	aanvrager	\N	\N	\N	\N	\N		5		\N
8	9	21	\N	aanvrager	\N	\N	\N	\N	\N		4		\N
10	10	25	\N	aanvrager	\N	\N	\N	\N	\N		5		\N
11	10	25	\N	aanvrager	\N	\N	\N	\N	\N		4		\N
13	11	29	\N	aanvrager	\N	\N	\N	\N	\N		5		\N
14	11	29	\N	aanvrager	\N	\N	\N	\N	\N		4		\N
16	12	33	\N	aanvrager	\N	\N	\N	\N	\N		5		\N
17	12	33	\N	aanvrager	\N	\N	\N	\N	\N		4		\N
19	13	37	\N	aanvrager	\N	\N	\N	\N	\N		5		\N
20	13	37	\N	aanvrager	\N	\N	\N	\N	\N		4		\N
22	14	41	\N	coordinator	\N	\N	\N	\N	\N		5		\N
23	14	41	\N	coordinator	\N	\N	\N	\N	\N		4		\N
6	9	19	\N	aanvrager	\N	\N	\N	\N	\N		3		1
9	10	24	\N	aanvrager	\N	\N	\N	\N	\N		3		1
12	11	27	\N	aanvrager	\N	\N	\N	\N	\N		3		1
15	12	32	\N	aanvrager	\N	\N	\N	\N	\N		3		1
18	13	35	\N	aanvrager	\N	\N	\N	\N	\N		3		1
21	14	40	\N	aanvrager	\N	\N	\N	\N	\N		3		1
\.


--
-- Name: zaaktype_notificatie_id_seq; Type: SEQUENCE SET; Schema: public; Owner: -
--

SELECT pg_catalog.setval('zaaktype_notificatie_id_seq', 23, true);


--
-- Data for Name: zaaktype_regel; Type: TABLE DATA; Schema: public; Owner: -
--

COPY zaaktype_regel (id, zaaktype_node_id, zaak_status_id, naam, created, last_modified, settings) FROM stdin;
7	9	19	Als test 03 = optie A toon test 02	2013-01-22 15:57:18	2013-01-22 15:57:18	^JSON|||hex|^7b22766f6f727761617264656e223a2231222c22616e6465725f32223a22766572626572675f6b656e6d65726b222c22616e6465725f325f6b656e6d65726b223a2232222c22616374696573223a2231222c22766f6f727761617264655f315f6b656e6d65726b223a2233222c226269626c696f746865656b5f6b656e6d65726b656e5f6964223a6e756c6c2c22766f6f727761617264655f315f76616c7565223a224f707469652041222c226d696a6c736f7274223a2231222c22766f6f727761617264655f315f76616c75655f636865636b626f78223a2231222c2261637469655f315f6b656e6d65726b223a2232222c226e61616d223a22416c732074657374203033203d206f70746965204120746f6f6e2074657374203032222c2261637469655f31223a22746f6f6e5f6b656e6d65726b222c22616e64657273223a2232227d
8	9	21	Als test 09 = ja dan 	2013-01-22 15:57:18	2013-01-22 15:57:18	^JSON|||hex|^7b22766f6f727761617264656e223a2231222c22616374696573223a2231222c22766f6f727761617264655f315f6b656e6d65726b223a223130222c226269626c696f746865656b5f6b656e6d65726b656e5f6964223a6e756c6c2c22766f6f727761617264655f315f76616c7565223a224a61222c226d696a6c736f7274223a2231222c22766f6f727761617264655f315f76616c75655f636865636b626f78223a2231222c2261637469655f31223a22736a61626c6f6f6e5f67656e65726572656e222c226e61616d223a22416c732074657374203039203d206a612064616e20227d
9	9	22	Als test 07 = ja toon test 05	2013-01-22 15:57:18	2013-01-22 15:57:18	^JSON|||hex|^7b22766f6f727761617264656e223a2231222c22616e6465725f32223a22766572626572675f6b656e6d65726b222c22616e6465725f325f6b656e6d65726b223a2236222c22766f6f727761617264655f315f6b656e6d65726b223a2238222c22616374696573223a2231222c226269626c696f746865656b5f6b656e6d65726b656e5f6964223a6e756c6c2c22766f6f727761617264655f315f76616c7565223a224a61222c226d696a6c736f7274223a2231222c22766f6f727761617264655f315f76616c75655f636865636b626f78223a2231222c2261637469655f315f6b656e6d65726b223a2236222c226e61616d223a22416c732074657374203037203d206a6120746f6f6e2074657374203035222c2261637469655f31223a22746f6f6e5f6b656e6d65726b222c22616e64657273223a2232227d
10	9	22	Als test 07 = nee toon test 06	2013-01-22 15:57:18	2013-01-22 15:57:18	^JSON|||hex|^7b22766f6f727761617264656e223a2231222c22616e6465725f32223a22766572626572675f6b656e6d65726b222c22616e6465725f325f6b656e6d65726b223a2237222c22616374696573223a2231222c22766f6f727761617264655f315f6b656e6d65726b223a2238222c226269626c696f746865656b5f6b656e6d65726b656e5f6964223a6e756c6c2c22766f6f727761617264655f315f76616c7565223a224e6565222c226d696a6c736f7274223a2232222c22766f6f727761617264655f315f76616c75655f636865636b626f78223a2231222c2261637469655f315f6b656e6d65726b223a2237222c226e61616d223a22416c732074657374203037203d206e656520746f6f6e2074657374203036222c2261637469655f31223a22746f6f6e5f6b656e6d65726b222c22616e64657273223a2232227d
11	10	24	Als test 03 = optie A toon test 02	2013-01-24 13:58:38	2013-01-24 13:58:38	^JSON|||hex|^7b227a61616b747970655f6e6f64655f6964223a392c22766f6f727761617264656e223a2231222c22766f6f727761617264655f315f6b656e6d65726b223a2233222c22616374696573223a2231222c226269626c696f746865656b5f6b656e6d65726b656e5f6964223a6e756c6c2c22766f6f727761617264655f315f76616c7565223a224f707469652041222c227a61616b5f7374617475735f6964223a31392c226964223a372c226e61616d223a22416c732074657374203033203d206f70746965204120746f6f6e2074657374203032222c22616e6465725f32223a22766572626572675f6b656e6d65726b222c22616e6465725f325f6b656e6d65726b223a2232222c226d696a6c736f7274223a2231222c22766f6f727761617264655f315f76616c75655f636865636b626f78223a2231222c2261637469655f315f6b656e6d65726b223a2232222c2261637469655f31223a22746f6f6e5f6b656e6d65726b222c22616e64657273223a2232227d
12	10	25	Als test 09 = ja dan 	2013-01-24 13:58:38	2013-01-24 13:58:38	^JSON|||hex|^7b22766f6f727761617264656e223a2231222c22616374696573223a2231222c22766f6f727761617264655f315f6b656e6d65726b223a223130222c226269626c696f746865656b5f6b656e6d65726b656e5f6964223a6e756c6c2c22766f6f727761617264655f315f76616c7565223a224a61222c226d696a6c736f7274223a2231222c22766f6f727761617264655f315f76616c75655f636865636b626f78223a2231222c2261637469655f315f76616c7565223a22222c2261637469655f315f6b656e6d65726b223a2239222c226e61616d223a22416c732074657374203039203d206a612064616e20222c2261637469655f31223a22736a61626c6f6f6e5f67656e65726572656e227d
13	10	26	Als test 07 = ja toon test 05	2013-01-24 13:58:38	2013-01-24 13:58:38	^JSON|||hex|^7b227a61616b747970655f6e6f64655f6964223a392c22766f6f727761617264656e223a2231222c22766f6f727761617264655f315f6b656e6d65726b223a2238222c22616374696573223a2231222c226269626c696f746865656b5f6b656e6d65726b656e5f6964223a6e756c6c2c22766f6f727761617264655f315f76616c7565223a224a61222c227a61616b5f7374617475735f6964223a32322c226964223a392c226e61616d223a22416c732074657374203037203d206a6120746f6f6e2074657374203035222c22616e6465725f32223a22766572626572675f6b656e6d65726b222c22616e6465725f325f6b656e6d65726b223a2236222c226d696a6c736f7274223a2231222c22766f6f727761617264655f315f76616c75655f636865636b626f78223a2231222c2261637469655f315f6b656e6d65726b223a2236222c2261637469655f31223a22746f6f6e5f6b656e6d65726b222c22616e64657273223a2232227d
14	10	26	Als test 07 = nee toon test 06	2013-01-24 13:58:38	2013-01-24 13:58:38	^JSON|||hex|^7b227a61616b747970655f6e6f64655f6964223a392c22766f6f727761617264656e223a2231222c22766f6f727761617264655f315f6b656e6d65726b223a2238222c22616374696573223a2231222c226269626c696f746865656b5f6b656e6d65726b656e5f6964223a6e756c6c2c22766f6f727761617264655f315f76616c7565223a224e6565222c227a61616b5f7374617475735f6964223a32322c226964223a31302c226e61616d223a22416c732074657374203037203d206e656520746f6f6e2074657374203036222c22616e6465725f32223a22766572626572675f6b656e6d65726b222c22616e6465725f325f6b656e6d65726b223a2237222c226d696a6c736f7274223a2232222c22766f6f727761617264655f315f76616c75655f636865636b626f78223a2231222c2261637469655f315f6b656e6d65726b223a2237222c2261637469655f31223a22746f6f6e5f6b656e6d65726b222c22616e64657273223a2232227d
15	11	27	Als test 03 = optie A toon test 02	2013-01-24 14:06:12	2013-01-24 14:06:12	^JSON|||hex|^7b227a61616b747970655f6e6f64655f6964223a392c22766f6f727761617264656e223a2231222c22766f6f727761617264655f315f6b656e6d65726b223a2233222c22616374696573223a2231222c226269626c696f746865656b5f6b656e6d65726b656e5f6964223a6e756c6c2c22766f6f727761617264655f315f76616c7565223a224f707469652041222c227a61616b5f7374617475735f6964223a31392c226964223a372c226e61616d223a22416c732074657374203033203d206f70746965204120746f6f6e2074657374203032222c22616e6465725f32223a22766572626572675f6b656e6d65726b222c22616e6465725f325f6b656e6d65726b223a2232222c226d696a6c736f7274223a2231222c22766f6f727761617264655f315f76616c75655f636865636b626f78223a2231222c2261637469655f315f6b656e6d65726b223a2232222c2261637469655f31223a22746f6f6e5f6b656e6d65726b222c22616e64657273223a2232227d
16	11	27	Als test 01 = 1 en/of 2 toon kenmerk test A	2013-01-24 14:06:12	2013-01-24 14:06:12	^JSON|||hex|^7b22766f6f727761617264656e223a2231222c22616374696573223a2231222c22766f6f727761617264655f315f6b656e6d65726b223a2231222c226269626c696f746865656b5f6b656e6d65726b656e5f6964223a6e756c6c2c22766f6f727761617264655f315f76616c7565223a5b224f707469652031222c224f707469652032225d2c226d696a6c736f7274223a2232222c22766f6f727761617264655f315f76616c75655f636865636b626f78223a2231222c2261637469655f315f6b656e6d65726b223a223132222c226e61616d223a22416c732074657374203031203d203120656e2f6f66203220746f6f6e206b656e6d65726b20746573742041222c2261637469655f31223a22746f6f6e5f6b656e6d65726b227d
17	11	29	Als test 09 = ja dan genereer sjabloon positief	2013-01-24 14:06:12	2013-01-24 14:06:12	^JSON|||hex|^7b22766f6f727761617264656e223a2231222c22616374696573223a2231222c22766f6f727761617264655f315f6b656e6d65726b223a223130222c226269626c696f746865656b5f6b656e6d65726b656e5f6964223a6e756c6c2c22766f6f727761617264655f315f76616c7565223a224a61222c226d696a6c736f7274223a2231222c22766f6f727761617264655f315f76616c75655f636865636b626f78223a2231222c2261637469655f315f736a61626c6f6f6e223a2231222c2261637469655f31223a22736a61626c6f6f6e5f67656e65726572656e222c226e61616d223a22416c732074657374203039203d206a612064616e2067656e657265657220736a61626c6f6f6e20706f736974696566227d
18	11	29	Als test 09 = nee dan genereer sjabloon negatief	2013-01-24 14:06:12	2013-01-24 14:06:12	^JSON|||hex|^7b22766f6f727761617264656e223a2231222c22616374696573223a2231222c22766f6f727761617264655f315f6b656e6d65726b223a223130222c226269626c696f746865656b5f6b656e6d65726b656e5f6964223a6e756c6c2c22766f6f727761617264655f315f76616c7565223a224e6565222c226d696a6c736f7274223a2232222c22766f6f727761617264655f315f76616c75655f636865636b626f78223a2231222c2261637469655f315f736a61626c6f6f6e223a2232222c226e61616d223a22416c732074657374203039203d206e65652064616e2067656e657265657220736a61626c6f6f6e206e65676174696566222c2261637469655f31223a22736a61626c6f6f6e5f67656e65726572656e227d
19	11	30	Als test 07 = ja toon test 05	2013-01-24 14:06:13	2013-01-24 14:06:13	^JSON|||hex|^7b227a61616b747970655f6e6f64655f6964223a392c22766f6f727761617264656e223a2231222c22766f6f727761617264655f315f6b656e6d65726b223a2238222c22616374696573223a2231222c226269626c696f746865656b5f6b656e6d65726b656e5f6964223a6e756c6c2c22766f6f727761617264655f315f76616c7565223a224a61222c227a61616b5f7374617475735f6964223a32322c226964223a392c226e61616d223a22416c732074657374203037203d206a6120746f6f6e2074657374203035222c22616e6465725f32223a22766572626572675f6b656e6d65726b222c22616e6465725f325f6b656e6d65726b223a2236222c226d696a6c736f7274223a2231222c22766f6f727761617264655f315f76616c75655f636865636b626f78223a2231222c2261637469655f315f6b656e6d65726b223a2236222c2261637469655f31223a22746f6f6e5f6b656e6d65726b222c22616e64657273223a2232227d
20	11	30	Als test 07 = nee toon test 06	2013-01-24 14:06:13	2013-01-24 14:06:13	^JSON|||hex|^7b227a61616b747970655f6e6f64655f6964223a392c22766f6f727761617264656e223a2231222c22766f6f727761617264655f315f6b656e6d65726b223a2238222c22616374696573223a2231222c226269626c696f746865656b5f6b656e6d65726b656e5f6964223a6e756c6c2c22766f6f727761617264655f315f76616c7565223a224e6565222c227a61616b5f7374617475735f6964223a32322c226964223a31302c226e61616d223a22416c732074657374203037203d206e656520746f6f6e2074657374203036222c22616e6465725f32223a22766572626572675f6b656e6d65726b222c22616e6465725f325f6b656e6d65726b223a2237222c226d696a6c736f7274223a2232222c22766f6f727761617264655f315f76616c75655f636865636b626f78223a2231222c2261637469655f315f6b656e6d65726b223a2237222c2261637469655f31223a22746f6f6e5f6b656e6d65726b222c22616e64657273223a2232227d
21	12	32	Als test 03 = optie A toon test 02	2013-01-24 14:08:56	2013-01-24 14:08:56	^JSON|||hex|^7b227a61616b747970655f6e6f64655f6964223a392c22766f6f727761617264656e223a2231222c22766f6f727761617264655f315f6b656e6d65726b223a2233222c22616374696573223a2231222c226269626c696f746865656b5f6b656e6d65726b656e5f6964223a6e756c6c2c22766f6f727761617264655f315f76616c7565223a224f707469652041222c227a61616b5f7374617475735f6964223a31392c226964223a372c226e61616d223a22416c732074657374203033203d206f70746965204120746f6f6e2074657374203032222c22616e6465725f32223a22766572626572675f6b656e6d65726b222c22616e6465725f325f6b656e6d65726b223a2232222c226d696a6c736f7274223a2231222c22766f6f727761617264655f315f76616c75655f636865636b626f78223a2231222c2261637469655f315f6b656e6d65726b223a2232222c2261637469655f31223a22746f6f6e5f6b656e6d65726b222c22616e64657273223a2232227d
22	12	32	Als test 01 = 1 en/of 2 toon kenmerk test A	2013-01-24 14:08:56	2013-01-24 14:08:56	^JSON|||hex|^7b22766f6f727761617264656e223a2231222c22616e6465725f32223a22766572626572675f6b656e6d65726b222c22616e6465725f325f6b656e6d65726b223a223132222c22616374696573223a2231222c22766f6f727761617264655f315f6b656e6d65726b223a2231222c226269626c696f746865656b5f6b656e6d65726b656e5f6964223a6e756c6c2c22766f6f727761617264655f315f76616c7565223a5b224f707469652031222c224f707469652032225d2c226d696a6c736f7274223a2232222c22766f6f727761617264655f315f76616c75655f636865636b626f78223a2231222c2261637469655f315f6b656e6d65726b223a223132222c226e61616d223a22416c732074657374203031203d203120656e2f6f66203220746f6f6e206b656e6d65726b20746573742041222c2261637469655f31223a22746f6f6e5f6b656e6d65726b222c22616e64657273223a2232227d
23	12	33	Als test 09 = ja dan genereer sjabloon positief	2013-01-24 14:08:56	2013-01-24 14:08:56	^JSON|||hex|^7b227a61616b747970655f6e6f64655f6964223a31312c22766f6f727761617264656e223a2231222c22766f6f727761617264655f315f6b656e6d65726b223a223130222c22616374696573223a2231222c226269626c696f746865656b5f6b656e6d65726b656e5f6964223a6e756c6c2c22766f6f727761617264655f315f76616c7565223a224a61222c226d696a6c736f7274223a2231222c227a61616b5f7374617475735f6964223a32392c22766f6f727761617264655f315f76616c75655f636865636b626f78223a2231222c226964223a31372c2261637469655f315f736a61626c6f6f6e223a2231222c226e61616d223a22416c732074657374203039203d206a612064616e2067656e657265657220736a61626c6f6f6e20706f736974696566222c2261637469655f31223a22736a61626c6f6f6e5f67656e65726572656e227d
24	12	33	Als test 09 = nee dan genereer sjabloon negatief	2013-01-24 14:08:56	2013-01-24 14:08:56	^JSON|||hex|^7b227a61616b747970655f6e6f64655f6964223a31312c22766f6f727761617264656e223a2231222c22766f6f727761617264655f315f6b656e6d65726b223a223130222c22616374696573223a2231222c226269626c696f746865656b5f6b656e6d65726b656e5f6964223a6e756c6c2c22766f6f727761617264655f315f76616c7565223a224e6565222c226d696a6c736f7274223a2232222c227a61616b5f7374617475735f6964223a32392c22766f6f727761617264655f315f76616c75655f636865636b626f78223a2231222c226964223a31382c2261637469655f315f736a61626c6f6f6e223a2232222c226e61616d223a22416c732074657374203039203d206e65652064616e2067656e657265657220736a61626c6f6f6e206e65676174696566222c2261637469655f31223a22736a61626c6f6f6e5f67656e65726572656e227d
25	12	34	Als test 07 = ja toon test 05	2013-01-24 14:08:56	2013-01-24 14:08:56	^JSON|||hex|^7b227a61616b747970655f6e6f64655f6964223a392c22766f6f727761617264656e223a2231222c22616374696573223a2231222c22766f6f727761617264655f315f6b656e6d65726b223a2238222c226269626c696f746865656b5f6b656e6d65726b656e5f6964223a6e756c6c2c22766f6f727761617264655f315f76616c7565223a224a61222c227a61616b5f7374617475735f6964223a32322c226964223a392c226e61616d223a22416c732074657374203037203d206a6120746f6f6e2074657374203035222c22616e6465725f32223a22766572626572675f6b656e6d65726b222c22616e6465725f325f6b656e6d65726b223a2236222c226d696a6c736f7274223a2231222c22766f6f727761617264655f315f76616c75655f636865636b626f78223a2231222c2261637469655f315f6b656e6d65726b223a2236222c2261637469655f31223a22746f6f6e5f6b656e6d65726b222c22616e64657273223a2232227d
26	12	34	Als test 07 = nee toon test 06	2013-01-24 14:08:56	2013-01-24 14:08:56	^JSON|||hex|^7b227a61616b747970655f6e6f64655f6964223a392c22766f6f727761617264656e223a2231222c22616374696573223a2231222c22766f6f727761617264655f315f6b656e6d65726b223a2238222c226269626c696f746865656b5f6b656e6d65726b656e5f6964223a6e756c6c2c22766f6f727761617264655f315f76616c7565223a224e6565222c227a61616b5f7374617475735f6964223a32322c226964223a31302c226e61616d223a22416c732074657374203037203d206e656520746f6f6e2074657374203036222c22616e6465725f32223a22766572626572675f6b656e6d65726b222c22616e6465725f325f6b656e6d65726b223a2237222c226d696a6c736f7274223a2232222c22766f6f727761617264655f315f76616c75655f636865636b626f78223a2231222c2261637469655f315f6b656e6d65726b223a2237222c2261637469655f31223a22746f6f6e5f6b656e6d65726b222c22616e64657273223a2232227d
27	13	35	Als test 03 = optie A toon test 02	2013-01-24 14:11:44	2013-01-24 14:11:44	^JSON|||hex|^7b227a61616b747970655f6e6f64655f6964223a392c22766f6f727761617264656e223a2231222c22766f6f727761617264655f315f6b656e6d65726b223a2233222c22616374696573223a2231222c226269626c696f746865656b5f6b656e6d65726b656e5f6964223a6e756c6c2c22766f6f727761617264655f315f76616c7565223a224f707469652041222c227a61616b5f7374617475735f6964223a31392c226964223a372c226e61616d223a22416c732074657374203033203d206f70746965204120746f6f6e2074657374203032222c22616e6465725f32223a22766572626572675f6b656e6d65726b222c22616e6465725f325f6b656e6d65726b223a2232222c226d696a6c736f7274223a2231222c22766f6f727761617264655f315f76616c75655f636865636b626f78223a2231222c2261637469655f315f6b656e6d65726b223a2232222c2261637469655f31223a22746f6f6e5f6b656e6d65726b222c22616e64657273223a2232227d
28	13	35	Als test 01 = 1 en/of 2 toon kenmerk test A	2013-01-24 14:11:44	2013-01-24 14:11:44	^JSON|||hex|^7b227a61616b747970655f6e6f64655f6964223a31322c22766f6f727761617264656e223a2231222c22616374696573223a2231222c22766f6f727761617264655f315f6b656e6d65726b223a2231222c226269626c696f746865656b5f6b656e6d65726b656e5f6964223a6e756c6c2c22766f6f727761617264655f315f76616c7565223a5b224f707469652031222c224f707469652032225d2c227a61616b5f7374617475735f6964223a33322c226964223a32322c226e61616d223a22416c732074657374203031203d203120656e2f6f66203220746f6f6e206b656e6d65726b20746573742041222c22616e6465725f32223a22766572626572675f6b656e6d65726b222c22616e6465725f325f6b656e6d65726b223a223132222c226d696a6c736f7274223a2232222c22766f6f727761617264655f315f76616c75655f636865636b626f78223a2231222c2261637469655f315f6b656e6d65726b223a223132222c2261637469655f31223a22746f6f6e5f6b656e6d65726b222c22616e64657273223a2232227d
29	13	37	Als test 09 = ja dan genereer sjabloon positief	2013-01-24 14:11:44	2013-01-24 14:11:44	^JSON|||hex|^7b227a61616b747970655f6e6f64655f6964223a31312c22766f6f727761617264656e223a2231222c22766f6f727761617264655f315f6b656e6d65726b223a223130222c22616374696573223a2231222c226269626c696f746865656b5f6b656e6d65726b656e5f6964223a6e756c6c2c22766f6f727761617264655f315f76616c7565223a224a61222c226d696a6c736f7274223a2231222c227a61616b5f7374617475735f6964223a32392c22766f6f727761617264655f315f76616c75655f636865636b626f78223a2231222c2261637469655f315f736a61626c6f6f6e223a2231222c226964223a31372c2261637469655f31223a22736a61626c6f6f6e5f67656e65726572656e222c226e61616d223a22416c732074657374203039203d206a612064616e2067656e657265657220736a61626c6f6f6e20706f736974696566227d
30	13	37	Als test 09 = nee dan genereer sjabloon negatief	2013-01-24 14:11:44	2013-01-24 14:11:44	^JSON|||hex|^7b227a61616b747970655f6e6f64655f6964223a31312c22766f6f727761617264656e223a2231222c22766f6f727761617264655f315f6b656e6d65726b223a223130222c22616374696573223a2231222c226269626c696f746865656b5f6b656e6d65726b656e5f6964223a6e756c6c2c22766f6f727761617264655f315f76616c7565223a224e6565222c226d696a6c736f7274223a2232222c227a61616b5f7374617475735f6964223a32392c22766f6f727761617264655f315f76616c75655f636865636b626f78223a2231222c2261637469655f315f736a61626c6f6f6e223a2232222c226964223a31382c2261637469655f31223a22736a61626c6f6f6e5f67656e65726572656e222c226e61616d223a22416c732074657374203039203d206e65652064616e2067656e657265657220736a61626c6f6f6e206e65676174696566227d
31	13	38	Als test 07 = ja toon test 05	2013-01-24 14:11:44	2013-01-24 14:11:44	^JSON|||hex|^7b227a61616b747970655f6e6f64655f6964223a392c22766f6f727761617264656e223a2231222c22616374696573223a2231222c22766f6f727761617264655f315f6b656e6d65726b223a2238222c226269626c696f746865656b5f6b656e6d65726b656e5f6964223a6e756c6c2c22766f6f727761617264655f315f76616c7565223a224a61222c227a61616b5f7374617475735f6964223a32322c226964223a392c226e61616d223a22416c732074657374203037203d206a6120746f6f6e2074657374203035222c22616e6465725f32223a22766572626572675f6b656e6d65726b222c22616e6465725f325f6b656e6d65726b223a2236222c226d696a6c736f7274223a2231222c22766f6f727761617264655f315f76616c75655f636865636b626f78223a2231222c2261637469655f315f6b656e6d65726b223a2236222c2261637469655f31223a22746f6f6e5f6b656e6d65726b222c22616e64657273223a2232227d
32	13	38	Als test 07 = nee toon test 06	2013-01-24 14:11:44	2013-01-24 14:11:44	^JSON|||hex|^7b227a61616b747970655f6e6f64655f6964223a392c22766f6f727761617264656e223a2231222c22616374696573223a2231222c22766f6f727761617264655f315f6b656e6d65726b223a2238222c226269626c696f746865656b5f6b656e6d65726b656e5f6964223a6e756c6c2c22766f6f727761617264655f315f76616c7565223a224e6565222c227a61616b5f7374617475735f6964223a32322c226964223a31302c226e61616d223a22416c732074657374203037203d206e656520746f6f6e2074657374203036222c22616e6465725f32223a22766572626572675f6b656e6d65726b222c22616e6465725f325f6b656e6d65726b223a2237222c226d696a6c736f7274223a2232222c22766f6f727761617264655f315f76616c75655f636865636b626f78223a2231222c2261637469655f315f6b656e6d65726b223a2237222c2261637469655f31223a22746f6f6e5f6b656e6d65726b222c22616e64657273223a2232227d
33	14	40	Als test 03 = optie A toon test 02	2013-01-24 14:29:24	2013-01-24 14:29:24	^JSON|||hex|^7b227a61616b747970655f6e6f64655f6964223a392c22766f6f727761617264656e223a2231222c22766f6f727761617264655f315f6b656e6d65726b223a2233222c22616374696573223a2231222c226269626c696f746865656b5f6b656e6d65726b656e5f6964223a6e756c6c2c22766f6f727761617264655f315f76616c7565223a224f707469652041222c227a61616b5f7374617475735f6964223a31392c226964223a372c226e61616d223a22416c732074657374203033203d206f70746965204120746f6f6e2074657374203032222c22616e6465725f32223a22766572626572675f6b656e6d65726b222c22616e6465725f325f6b656e6d65726b223a2232222c226d696a6c736f7274223a2231222c22766f6f727761617264655f315f76616c75655f636865636b626f78223a2231222c2261637469655f315f6b656e6d65726b223a2232222c2261637469655f31223a22746f6f6e5f6b656e6d65726b222c22616e64657273223a2232227d
34	14	40	Als test 01 = 1 en/of 2 toon kenmerk test A	2013-01-24 14:29:24	2013-01-24 14:29:24	^JSON|||hex|^7b227a61616b747970655f6e6f64655f6964223a31322c22766f6f727761617264656e223a2231222c22616374696573223a2231222c22766f6f727761617264655f315f6b656e6d65726b223a2231222c226269626c696f746865656b5f6b656e6d65726b656e5f6964223a6e756c6c2c22766f6f727761617264655f315f76616c7565223a5b224f707469652031222c224f707469652032225d2c227a61616b5f7374617475735f6964223a33322c226964223a32322c226e61616d223a22416c732074657374203031203d203120656e2f6f66203220746f6f6e206b656e6d65726b20746573742041222c22616e6465725f32223a22766572626572675f6b656e6d65726b222c22616e6465725f325f6b656e6d65726b223a223132222c226d696a6c736f7274223a2232222c22766f6f727761617264655f315f76616c75655f636865636b626f78223a2231222c2261637469655f315f6b656e6d65726b223a223132222c2261637469655f31223a22746f6f6e5f6b656e6d65726b222c22616e64657273223a2232227d
35	14	41	Als test 09 = ja dan genereer sjabloon positief	2013-01-24 14:29:24	2013-01-24 14:29:24	^JSON|||hex|^7b227a61616b747970655f6e6f64655f6964223a31312c22766f6f727761617264656e223a2231222c22616374696573223a2231222c22766f6f727761617264655f315f6b656e6d65726b223a223130222c226269626c696f746865656b5f6b656e6d65726b656e5f6964223a6e756c6c2c22766f6f727761617264655f315f76616c7565223a224a61222c226d696a6c736f7274223a2231222c227a61616b5f7374617475735f6964223a32392c22766f6f727761617264655f315f76616c75655f636865636b626f78223a2231222c2261637469655f315f736a61626c6f6f6e223a2231222c226964223a31372c2261637469655f31223a22736a61626c6f6f6e5f67656e65726572656e222c226e61616d223a22416c732074657374203039203d206a612064616e2067656e657265657220736a61626c6f6f6e20706f736974696566227d
36	14	41	Als test 09 = nee dan genereer sjabloon negatief	2013-01-24 14:29:24	2013-01-24 14:29:24	^JSON|||hex|^7b227a61616b747970655f6e6f64655f6964223a31312c22766f6f727761617264656e223a2231222c22616374696573223a2231222c22766f6f727761617264655f315f6b656e6d65726b223a223130222c226269626c696f746865656b5f6b656e6d65726b656e5f6964223a6e756c6c2c22766f6f727761617264655f315f76616c7565223a224e6565222c226d696a6c736f7274223a2232222c227a61616b5f7374617475735f6964223a32392c22766f6f727761617264655f315f76616c75655f636865636b626f78223a2231222c2261637469655f315f736a61626c6f6f6e223a2232222c226964223a31382c2261637469655f31223a22736a61626c6f6f6e5f67656e65726572656e222c226e61616d223a22416c732074657374203039203d206e65652064616e2067656e657265657220736a61626c6f6f6e206e65676174696566227d
37	14	42	Als test 07 = ja toon test 05	2013-01-24 14:29:24	2013-01-24 14:29:24	^JSON|||hex|^7b227a61616b747970655f6e6f64655f6964223a392c22766f6f727761617264656e223a2231222c22766f6f727761617264655f315f6b656e6d65726b223a2238222c22616374696573223a2231222c226269626c696f746865656b5f6b656e6d65726b656e5f6964223a6e756c6c2c22766f6f727761617264655f315f76616c7565223a224a61222c227a61616b5f7374617475735f6964223a32322c226964223a392c226e61616d223a22416c732074657374203037203d206a6120746f6f6e2074657374203035222c22616e6465725f32223a22766572626572675f6b656e6d65726b222c22616e6465725f325f6b656e6d65726b223a2236222c226d696a6c736f7274223a2231222c22766f6f727761617264655f315f76616c75655f636865636b626f78223a2231222c2261637469655f315f6b656e6d65726b223a2236222c2261637469655f31223a22746f6f6e5f6b656e6d65726b222c22616e64657273223a2232227d
38	14	42	Als test 07 = nee toon test 06	2013-01-24 14:29:24	2013-01-24 14:29:24	^JSON|||hex|^7b227a61616b747970655f6e6f64655f6964223a392c22766f6f727761617264656e223a2231222c22766f6f727761617264655f315f6b656e6d65726b223a2238222c22616374696573223a2231222c226269626c696f746865656b5f6b656e6d65726b656e5f6964223a6e756c6c2c22766f6f727761617264655f315f76616c7565223a224e6565222c227a61616b5f7374617475735f6964223a32322c226964223a31302c226e61616d223a22416c732074657374203037203d206e656520746f6f6e2074657374203036222c22616e6465725f32223a22766572626572675f6b656e6d65726b222c22616e6465725f325f6b656e6d65726b223a2237222c226d696a6c736f7274223a2232222c22766f6f727761617264655f315f76616c75655f636865636b626f78223a2231222c2261637469655f315f6b656e6d65726b223a2237222c2261637469655f31223a22746f6f6e5f6b656e6d65726b222c22616e64657273223a2232227d
\.


--
-- Name: zaaktype_regel_id_seq; Type: SEQUENCE SET; Schema: public; Owner: -
--

SELECT pg_catalog.setval('zaaktype_regel_id_seq', 38, true);


--
-- Data for Name: zaaktype_relatie; Type: TABLE DATA; Schema: public; Owner: -
--

COPY zaaktype_relatie (id, zaaktype_node_id, relatie_zaaktype_id, zaaktype_status_id, relatie_type, eigenaar_type, start_delay, created, last_modified, status, kopieren_kenmerken, delay_type, ou_id, role_id, automatisch_behandelen, required, parent_advance_results) FROM stdin;
\.


--
-- Name: zaaktype_relatie_id_seq; Type: SEQUENCE SET; Schema: public; Owner: -
--

SELECT pg_catalog.setval('zaaktype_relatie_id_seq', 4, true);


--
-- Data for Name: zaaktype_resultaten; Type: TABLE DATA; Schema: public; Owner: -
--

COPY zaaktype_resultaten (id, zaaktype_node_id, zaaktype_status_id, resultaat, ingang, bewaartermijn, created, last_modified, dossiertype, label, selectielijst, archiefnominatie, comments) FROM stdin;
1	7	12	verwerkt	vervallen	62	2013-01-22 14:55:29	2013-01-22 14:55:29	digitaal	\N	nvt	\N	\N
2	8	15	afgewezen	vervallen	62	2013-01-22 15:45:00	2013-01-22 15:45:00	digitaal	\N	nvt	\N	\N
3	8	15	toegekend	vervallen	62	2013-01-22 15:45:00	2013-01-22 15:45:00	digitaal	\N	nvt	\N	\N
4	9	20	afgewezen	vervallen	62	2013-01-22 15:57:18	2013-01-22 15:57:18	digitaal	\N	nvt	\N	\N
5	9	20	toegekend	vervallen	62	2013-01-22 15:57:18	2013-01-22 15:57:18	digitaal	\N	nvt	\N	\N
6	10	23	afgewezen	vervallen	62	2013-01-24 13:58:38	2013-01-24 13:58:38	digitaal	\N	nvt	\N	\N
7	10	23	toegekend	vervallen	62	2013-01-24 13:58:38	2013-01-24 13:58:38	digitaal	\N	nvt	\N	\N
8	11	28	afgewezen	vervallen	62	2013-01-24 14:06:12	2013-01-24 14:06:12	digitaal	\N	nvt	\N	\N
9	11	28	toegekend	vervallen	62	2013-01-24 14:06:12	2013-01-24 14:06:12	digitaal	\N	nvt	\N	\N
10	12	31	afgewezen	vervallen	62	2013-01-24 14:08:56	2013-01-24 14:08:56	digitaal	\N	nvt	\N	\N
11	12	31	toegekend	vervallen	62	2013-01-24 14:08:56	2013-01-24 14:08:56	digitaal	\N	nvt	\N	\N
12	13	36	afgewezen	vervallen	62	2013-01-24 14:11:44	2013-01-24 14:11:44	digitaal	\N	nvt	\N	\N
13	13	36	toegekend	vervallen	62	2013-01-24 14:11:44	2013-01-24 14:11:44	digitaal	\N	nvt	\N	\N
14	14	39	afgewezen	vervallen	62	2013-01-24 14:29:24	2013-01-24 14:29:24	digitaal	\N	nvt	\N	\N
15	14	39	toegekend	vervallen	62	2013-01-24 14:29:24	2013-01-24 14:29:24	digitaal	\N	nvt	\N	\N
\.


--
-- Name: zaaktype_resultaten_id_seq; Type: SEQUENCE SET; Schema: public; Owner: -
--

SELECT pg_catalog.setval('zaaktype_resultaten_id_seq', 15, true);


--
-- Data for Name: zaaktype_sjablonen; Type: TABLE DATA; Schema: public; Owner: -
--

COPY zaaktype_sjablonen (id, zaaktype_node_id, bibliotheek_sjablonen_id, help, zaak_status_id, created, last_modified, automatisch_genereren, bibliotheek_kenmerken_id, target_format) FROM stdin;
1	10	1	\N	25	\N	\N	\N	\N	\N
2	10	2	\N	25	\N	\N	\N	\N	\N
3	11	1		29	\N	\N	1	\N	\N
4	11	2	\N	29	\N	\N	\N	\N	\N
5	12	1		33	\N	\N	1	\N	\N
6	12	2	\N	33	\N	\N	\N	\N	\N
7	13	1		37	\N	\N	1	\N	\N
8	13	2	\N	37	\N	\N	\N	\N	\N
9	14	1		41	\N	\N	1	\N	\N
10	14	2	\N	41	\N	\N	\N	\N	\N
\.


--
-- Name: zaaktype_sjablonen_id_seq; Type: SEQUENCE SET; Schema: public; Owner: -
--

SELECT pg_catalog.setval('zaaktype_sjablonen_id_seq', 10, true);


--
-- Data for Name: zaaktype_status; Type: TABLE DATA; Schema: public; Owner: -
--

COPY zaaktype_status (id, zaaktype_node_id, status, status_type, naam, created, last_modified, ou_id, role_id, checklist, fase, role_set) FROM stdin;
9	6	3	\N	Beoordeeld	2013-01-22 14:40:10	2013-01-22 14:40:10	10011	20007	\N	Beoordeling	1
10	6	2	\N	Behandeld	2013-01-22 14:40:10	2013-01-22 14:40:10	10011	20007	\N	Behandeling	1
13	7	3	\N	Beoordeeld	2013-01-22 14:55:29	2013-01-22 14:55:29	10011	20007	\N	Beoordeling	1
14	7	2	\N	Behandeld	2013-01-22 14:55:29	2013-01-22 14:55:29	10011	20007	\N	Behandeling	1
17	8	3	\N	Beoordeeld	2013-01-22 15:45:00	2013-01-22 15:45:00	10011	20007	\N	Beoordeling	1
18	8	2	\N	Behandeld	2013-01-22 15:45:00	2013-01-22 15:45:00	10020	20002	\N	Behandeling	1
21	9	3	\N	Beoordeeld	2013-01-22 15:57:18	2013-01-22 15:57:18	10011	20007	\N	Beoordeling	1
22	9	2	\N	Behandeld	2013-01-22 15:57:18	2013-01-22 15:57:18	10020	20002	\N	Behandeling	1
25	10	3	\N	Beoordeeld	2013-01-24 13:58:38	2013-01-24 13:58:38	10011	20007	\N	Beoordeling	1
26	10	2	\N	Behandeld	2013-01-24 13:58:38	2013-01-24 13:58:38	10020	20002	\N	Behandeling	1
29	11	3	\N	Beoordeeld	2013-01-24 14:06:12	2013-01-24 14:06:12	10011	20007	\N	Beoordeling	1
30	11	2	\N	Behandeld	2013-01-24 14:06:13	2013-01-24 14:06:13	10020	20002	\N	Behandeling	1
33	12	3	\N	Beoordeeld	2013-01-24 14:08:56	2013-01-24 14:08:56	10011	20007	\N	Beoordeling	1
34	12	2	\N	Behandeld	2013-01-24 14:08:56	2013-01-24 14:08:56	10020	20002	\N	Behandeling	1
37	13	3	\N	Beoordeeld	2013-01-24 14:11:44	2013-01-24 14:11:44	10011	20007	\N	Beoordeling	1
38	13	2	\N	Behandeld	2013-01-24 14:11:44	2013-01-24 14:11:44	10020	20002	\N	Behandeling	1
41	14	3	\N	Beoordeeld	2013-01-24 14:29:24	2013-01-24 14:29:24	10011	20007	\N	Beoordeling	1
42	14	2	\N	Behandeld	2013-01-24 14:29:24	2013-01-24 14:29:24	10020	20002	\N	Behandeling	1
8	6	1	\N	Geregistreerd	2013-01-22 14:40:10	2013-01-22 14:40:10	10011	20007	\N	Registreren	\N
11	7	1	\N	Geregistreerd	2013-01-22 14:55:29	2013-01-22 14:55:29	10011	20007	\N	Registreren	\N
16	8	1	\N	Geregistreerd	2013-01-22 15:45:00	2013-01-22 15:45:00	10011	20007	\N	Registreren	\N
19	9	1	\N	Geregistreerd	2013-01-22 15:57:18	2013-01-22 15:57:18	10011	20007	\N	Registreren	\N
24	10	1	\N	Geregistreerd	2013-01-24 13:58:38	2013-01-24 13:58:38	10011	20007	\N	Registreren	\N
27	11	1	\N	Geregistreerd	2013-01-24 14:06:12	2013-01-24 14:06:12	10011	20007	\N	Registreren	\N
32	12	1	\N	Geregistreerd	2013-01-24 14:08:56	2013-01-24 14:08:56	10011	20007	\N	Registreren	\N
35	13	1	\N	Geregistreerd	2013-01-24 14:11:44	2013-01-24 14:11:44	10011	20007	\N	Registreren	\N
40	14	1	\N	Geregistreerd	2013-01-24 14:29:24	2013-01-24 14:29:24	10011	20007	\N	Registreren	\N
7	6	4	\N	Afgehandeld	2013-01-22 14:40:10	2013-01-22 14:40:10	10011	20007	\N	Afhandelen	\N
12	7	4	\N	Afgehandeld	2013-01-22 14:55:29	2013-01-22 14:55:29	10011	20007	\N	Afhandelen	\N
15	8	4	\N	Afgehandeld	2013-01-22 15:45:00	2013-01-22 15:45:00	10011	20007	\N	Afhandelen	\N
20	9	4	\N	Afgehandeld	2013-01-22 15:57:18	2013-01-22 15:57:18	10011	20007	\N	Afhandelen	\N
23	10	4	\N	Afgehandeld	2013-01-24 13:58:38	2013-01-24 13:58:38	10011	20007	\N	Afhandelen	\N
28	11	4	\N	Afgehandeld	2013-01-24 14:06:12	2013-01-24 14:06:12	10011	20007	\N	Afhandelen	\N
31	12	4	\N	Afgehandeld	2013-01-24 14:08:56	2013-01-24 14:08:56	10011	20007	\N	Afhandelen	\N
36	13	4	\N	Afgehandeld	2013-01-24 14:11:44	2013-01-24 14:11:44	10011	20007	\N	Afhandelen	\N
39	14	4	\N	Afgehandeld	2013-01-24 14:29:24	2013-01-24 14:29:24	10011	20007	\N	Afhandelen	\N
\.


--
-- Data for Name: zaaktype_status_checklist_item; Type: TABLE DATA; Schema: public; Owner: -
--

COPY zaaktype_status_checklist_item (id, casetype_status_id, label) FROM stdin;
1	10	Is alle info juist ingevuld?
2	14	Is alle info juist ingevuld?
3	18	Is alle info juist ingevuld?
4	22	Is alle info juist ingevuld?
5	26	Is alle info juist ingevuld?
6	30	Is alle info juist ingevuld?
7	34	Is alle info juist ingevuld?
8	38	Is alle info juist ingevuld?
9	42	Is alle info juist ingevuld?
\.


--
-- Name: zaaktype_status_checklist_item_id_seq; Type: SEQUENCE SET; Schema: public; Owner: -
--

SELECT pg_catalog.setval('zaaktype_status_checklist_item_id_seq', 9, true);


--
-- Name: zaaktype_status_id_seq; Type: SEQUENCE SET; Schema: public; Owner: -
--

SELECT pg_catalog.setval('zaaktype_status_id_seq', 42, true);


--
-- Name: adres_id; Type: CONSTRAINT; Schema: public; Owner: -; Tablespace: 
--

ALTER TABLE ONLY natuurlijk_persoon
    ADD CONSTRAINT adres_id UNIQUE (id);


--
-- Name: adres_pkey; Type: CONSTRAINT; Schema: public; Owner: -; Tablespace: 
--

ALTER TABLE ONLY adres
    ADD CONSTRAINT adres_pkey PRIMARY KEY (id);


--
-- Name: bedrijf_authenticatie_pkey; Type: CONSTRAINT; Schema: public; Owner: -; Tablespace: 
--

ALTER TABLE ONLY bedrijf_authenticatie
    ADD CONSTRAINT bedrijf_authenticatie_pkey PRIMARY KEY (id);


--
-- Name: bedrijf_pkey; Type: CONSTRAINT; Schema: public; Owner: -; Tablespace: 
--

ALTER TABLE ONLY bedrijf
    ADD CONSTRAINT bedrijf_pkey PRIMARY KEY (id);


--
-- Name: beheer_import_log_pkey; Type: CONSTRAINT; Schema: public; Owner: -; Tablespace: 
--

ALTER TABLE ONLY beheer_import_log
    ADD CONSTRAINT beheer_import_log_pkey PRIMARY KEY (id);


--
-- Name: beheer_import_pkey; Type: CONSTRAINT; Schema: public; Owner: -; Tablespace: 
--

ALTER TABLE ONLY beheer_import
    ADD CONSTRAINT beheer_import_pkey PRIMARY KEY (id);


--
-- Name: beheer_plugins_pkey; Type: CONSTRAINT; Schema: public; Owner: -; Tablespace: 
--

ALTER TABLE ONLY beheer_plugins
    ADD CONSTRAINT beheer_plugins_pkey PRIMARY KEY (id);


--
-- Name: betrokkene_notes_pkey; Type: CONSTRAINT; Schema: public; Owner: -; Tablespace: 
--

ALTER TABLE ONLY betrokkene_notes
    ADD CONSTRAINT betrokkene_notes_pkey PRIMARY KEY (id);


--
-- Name: betrokkenen_pkey; Type: CONSTRAINT; Schema: public; Owner: -; Tablespace: 
--

ALTER TABLE ONLY betrokkenen
    ADD CONSTRAINT betrokkenen_pkey PRIMARY KEY (id);


--
-- Name: bibliotheek_categorie_pkey; Type: CONSTRAINT; Schema: public; Owner: -; Tablespace: 
--

ALTER TABLE ONLY bibliotheek_categorie
    ADD CONSTRAINT bibliotheek_categorie_pkey PRIMARY KEY (id);


--
-- Name: bibliotheek_kenmerken_pkey; Type: CONSTRAINT; Schema: public; Owner: -; Tablespace: 
--

ALTER TABLE ONLY bibliotheek_kenmerken
    ADD CONSTRAINT bibliotheek_kenmerken_pkey PRIMARY KEY (id);


--
-- Name: bibliotheek_kenmerken_values_pkey; Type: CONSTRAINT; Schema: public; Owner: -; Tablespace: 
--

ALTER TABLE ONLY bibliotheek_kenmerken_values
    ADD CONSTRAINT bibliotheek_kenmerken_values_pkey PRIMARY KEY (id);


--
-- Name: bibliotheek_notificatie_kenmerk_pkey; Type: CONSTRAINT; Schema: public; Owner: -; Tablespace: 
--

ALTER TABLE ONLY bibliotheek_notificatie_kenmerk
    ADD CONSTRAINT bibliotheek_notificatie_kenmerk_pkey PRIMARY KEY (id);


--
-- Name: bibliotheek_notificaties_pkey; Type: CONSTRAINT; Schema: public; Owner: -; Tablespace: 
--

ALTER TABLE ONLY bibliotheek_notificaties
    ADD CONSTRAINT bibliotheek_notificaties_pkey PRIMARY KEY (id);


--
-- Name: bibliotheek_sjablonen_magic_string_pkey; Type: CONSTRAINT; Schema: public; Owner: -; Tablespace: 
--

ALTER TABLE ONLY bibliotheek_sjablonen_magic_string
    ADD CONSTRAINT bibliotheek_sjablonen_magic_string_pkey PRIMARY KEY (id);


--
-- Name: bibliotheek_sjablonen_pkey; Type: CONSTRAINT; Schema: public; Owner: -; Tablespace: 
--

ALTER TABLE ONLY bibliotheek_sjablonen
    ADD CONSTRAINT bibliotheek_sjablonen_pkey PRIMARY KEY (id);


--
-- Name: case_actions_pkey; Type: CONSTRAINT; Schema: public; Owner: -; Tablespace: 
--

ALTER TABLE ONLY case_action
    ADD CONSTRAINT case_actions_pkey PRIMARY KEY (id);


--
-- Name: case_relation_pkey; Type: CONSTRAINT; Schema: public; Owner: -; Tablespace: 
--

ALTER TABLE ONLY case_relation
    ADD CONSTRAINT case_relation_pkey PRIMARY KEY (id);


--
-- Name: checklist_item_pkey; Type: CONSTRAINT; Schema: public; Owner: -; Tablespace: 
--

ALTER TABLE ONLY checklist_item
    ADD CONSTRAINT checklist_item_pkey PRIMARY KEY (id);


--
-- Name: checklist_pkey; Type: CONSTRAINT; Schema: public; Owner: -; Tablespace: 
--

ALTER TABLE ONLY checklist
    ADD CONSTRAINT checklist_pkey PRIMARY KEY (id);


--
-- Name: config_pkey; Type: CONSTRAINT; Schema: public; Owner: -; Tablespace: 
--

ALTER TABLE ONLY config
    ADD CONSTRAINT config_pkey PRIMARY KEY (id);


--
-- Name: contact_data_pkey; Type: CONSTRAINT; Schema: public; Owner: -; Tablespace: 
--

ALTER TABLE ONLY contact_data
    ADD CONSTRAINT contact_data_pkey PRIMARY KEY (id);


--
-- Name: contactmoment_email_pkey; Type: CONSTRAINT; Schema: public; Owner: -; Tablespace: 
--

ALTER TABLE ONLY contactmoment_email
    ADD CONSTRAINT contactmoment_email_pkey PRIMARY KEY (id);


--
-- Name: contactmoment_note_pkey; Type: CONSTRAINT; Schema: public; Owner: -; Tablespace: 
--

ALTER TABLE ONLY contactmoment_note
    ADD CONSTRAINT contactmoment_note_pkey PRIMARY KEY (id);


--
-- Name: contactmoment_pkey; Type: CONSTRAINT; Schema: public; Owner: -; Tablespace: 
--

ALTER TABLE ONLY contactmoment
    ADD CONSTRAINT contactmoment_pkey PRIMARY KEY (id);


--
-- Name: directory_pkey; Type: CONSTRAINT; Schema: public; Owner: -; Tablespace: 
--

ALTER TABLE ONLY directory
    ADD CONSTRAINT directory_pkey PRIMARY KEY (id);


--
-- Name: file_metadata_pkey; Type: CONSTRAINT; Schema: public; Owner: -; Tablespace: 
--

ALTER TABLE ONLY file_metadata
    ADD CONSTRAINT file_metadata_pkey PRIMARY KEY (id);


--
-- Name: file_pkey; Type: CONSTRAINT; Schema: public; Owner: -; Tablespace: 
--

ALTER TABLE ONLY file
    ADD CONSTRAINT file_pkey PRIMARY KEY (id);


--
-- Name: filestore_pkey; Type: CONSTRAINT; Schema: public; Owner: -; Tablespace: 
--

ALTER TABLE ONLY filestore
    ADD CONSTRAINT filestore_pkey PRIMARY KEY (id);


--
-- Name: gm_adres_pkey; Type: CONSTRAINT; Schema: public; Owner: -; Tablespace: 
--

ALTER TABLE ONLY gm_adres
    ADD CONSTRAINT gm_adres_pkey PRIMARY KEY (id);


--
-- Name: gm_bedrijf_pkey; Type: CONSTRAINT; Schema: public; Owner: -; Tablespace: 
--

ALTER TABLE ONLY gm_bedrijf
    ADD CONSTRAINT gm_bedrijf_pkey PRIMARY KEY (id);


--
-- Name: gm_natuurlijk_persoon_pkey; Type: CONSTRAINT; Schema: public; Owner: -; Tablespace: 
--

ALTER TABLE ONLY gm_natuurlijk_persoon
    ADD CONSTRAINT gm_natuurlijk_persoon_pkey PRIMARY KEY (id);


--
-- Name: jobs_pkey; Type: CONSTRAINT; Schema: public; Owner: -; Tablespace: 
--

ALTER TABLE ONLY jobs
    ADD CONSTRAINT jobs_pkey PRIMARY KEY (id);


--
-- Name: kennisbank_producten_pkey; Type: CONSTRAINT; Schema: public; Owner: -; Tablespace: 
--

ALTER TABLE ONLY kennisbank_producten
    ADD CONSTRAINT kennisbank_producten_pkey PRIMARY KEY (id);


--
-- Name: kennisbank_relaties_pkey; Type: CONSTRAINT; Schema: public; Owner: -; Tablespace: 
--

ALTER TABLE ONLY kennisbank_relaties
    ADD CONSTRAINT kennisbank_relaties_pkey PRIMARY KEY (id);


--
-- Name: kennisbank_vragen_pkey; Type: CONSTRAINT; Schema: public; Owner: -; Tablespace: 
--

ALTER TABLE ONLY kennisbank_vragen
    ADD CONSTRAINT kennisbank_vragen_pkey PRIMARY KEY (id);


--
-- Name: logging_pkey; Type: CONSTRAINT; Schema: public; Owner: -; Tablespace: 
--

ALTER TABLE ONLY logging
    ADD CONSTRAINT logging_pkey PRIMARY KEY (id);


--
-- Name: natuurlijk_persoon_pkey; Type: CONSTRAINT; Schema: public; Owner: -; Tablespace: 
--

ALTER TABLE ONLY natuurlijk_persoon
    ADD CONSTRAINT natuurlijk_persoon_pkey PRIMARY KEY (id);


--
-- Name: notitie_pkey; Type: CONSTRAINT; Schema: public; Owner: -; Tablespace: 
--

ALTER TABLE ONLY notitie
    ADD CONSTRAINT notitie_pkey PRIMARY KEY (id);


--
-- Name: parkeergebied_kosten_pkey; Type: CONSTRAINT; Schema: public; Owner: -; Tablespace: 
--

ALTER TABLE ONLY parkeergebied_kosten
    ADD CONSTRAINT parkeergebied_kosten_pkey PRIMARY KEY (id);


--
-- Name: parkeergebied_pkey; Type: CONSTRAINT; Schema: public; Owner: -; Tablespace: 
--

ALTER TABLE ONLY parkeergebied
    ADD CONSTRAINT parkeergebied_pkey PRIMARY KEY (id);


--
-- Name: pk_ligplaats; Type: CONSTRAINT; Schema: public; Owner: -; Tablespace: 
--

ALTER TABLE ONLY bag_ligplaats
    ADD CONSTRAINT pk_ligplaats PRIMARY KEY (identificatie, begindatum, correctie);


--
-- Name: pk_ligplaats_nevenadres; Type: CONSTRAINT; Schema: public; Owner: -; Tablespace: 
--

ALTER TABLE ONLY bag_ligplaats_nevenadres
    ADD CONSTRAINT pk_ligplaats_nevenadres PRIMARY KEY (identificatie, begindatum, correctie, nevenadres);


--
-- Name: pk_nummeraanduiding; Type: CONSTRAINT; Schema: public; Owner: -; Tablespace: 
--

ALTER TABLE ONLY bag_nummeraanduiding
    ADD CONSTRAINT pk_nummeraanduiding PRIMARY KEY (identificatie, begindatum, correctie);


--
-- Name: pk_openbareruimte; Type: CONSTRAINT; Schema: public; Owner: -; Tablespace: 
--

ALTER TABLE ONLY bag_openbareruimte
    ADD CONSTRAINT pk_openbareruimte PRIMARY KEY (identificatie, begindatum, correctie);


--
-- Name: pk_pand; Type: CONSTRAINT; Schema: public; Owner: -; Tablespace: 
--

ALTER TABLE ONLY bag_pand
    ADD CONSTRAINT pk_pand PRIMARY KEY (identificatie, begindatum, correctie);


--
-- Name: pk_standplaats; Type: CONSTRAINT; Schema: public; Owner: -; Tablespace: 
--

ALTER TABLE ONLY bag_standplaats
    ADD CONSTRAINT pk_standplaats PRIMARY KEY (identificatie, begindatum, correctie);


--
-- Name: pk_verblijfsobject; Type: CONSTRAINT; Schema: public; Owner: -; Tablespace: 
--

ALTER TABLE ONLY bag_verblijfsobject
    ADD CONSTRAINT pk_verblijfsobject PRIMARY KEY (identificatie, begindatum, correctie);


--
-- Name: pk_verblijfsobject_gebrdoel; Type: CONSTRAINT; Schema: public; Owner: -; Tablespace: 
--

ALTER TABLE ONLY bag_verblijfsobject_gebruiksdoel
    ADD CONSTRAINT pk_verblijfsobject_gebrdoel PRIMARY KEY (identificatie, begindatum, correctie, gebruiksdoel);


--
-- Name: pk_verblijfsobject_pand; Type: CONSTRAINT; Schema: public; Owner: -; Tablespace: 
--

ALTER TABLE ONLY bag_verblijfsobject_pand
    ADD CONSTRAINT pk_verblijfsobject_pand PRIMARY KEY (identificatie, begindatum, correctie, pand);


--
-- Name: pk_woonplaats; Type: CONSTRAINT; Schema: public; Owner: -; Tablespace: 
--

ALTER TABLE ONLY bag_woonplaats
    ADD CONSTRAINT pk_woonplaats PRIMARY KEY (identificatie, begindatum, correctie);


--
-- Name: sbus_logging_pkey; Type: CONSTRAINT; Schema: public; Owner: -; Tablespace: 
--

ALTER TABLE ONLY sbus_logging
    ADD CONSTRAINT sbus_logging_pkey PRIMARY KEY (id);


--
-- Name: sbus_traffic_pkey; Type: CONSTRAINT; Schema: public; Owner: -; Tablespace: 
--

ALTER TABLE ONLY sbus_traffic
    ADD CONSTRAINT sbus_traffic_pkey PRIMARY KEY (id);


--
-- Name: scheduled_jobs_pkey; Type: CONSTRAINT; Schema: public; Owner: -; Tablespace: 
--

ALTER TABLE ONLY scheduled_jobs
    ADD CONSTRAINT scheduled_jobs_pkey PRIMARY KEY (id);


--
-- Name: search_query_delen_pkey; Type: CONSTRAINT; Schema: public; Owner: -; Tablespace: 
--

ALTER TABLE ONLY search_query_delen
    ADD CONSTRAINT search_query_delen_pkey PRIMARY KEY (id);


--
-- Name: search_query_pkey; Type: CONSTRAINT; Schema: public; Owner: -; Tablespace: 
--

ALTER TABLE ONLY search_query
    ADD CONSTRAINT search_query_pkey PRIMARY KEY (id);


--
-- Name: seen_pkey; Type: CONSTRAINT; Schema: public; Owner: -; Tablespace: 
--

ALTER TABLE ONLY seen
    ADD CONSTRAINT seen_pkey PRIMARY KEY (id);


--
-- Name: settings_pkey; Type: CONSTRAINT; Schema: public; Owner: -; Tablespace: 
--

ALTER TABLE ONLY settings
    ADD CONSTRAINT settings_pkey PRIMARY KEY (id);


--
-- Name: user_app_lock_pkey; Type: CONSTRAINT; Schema: public; Owner: -; Tablespace: 
--

ALTER TABLE ONLY user_app_lock
    ADD CONSTRAINT user_app_lock_pkey PRIMARY KEY (uidnumber, type, type_id);


--
-- Name: woz_objects_pkey; Type: CONSTRAINT; Schema: public; Owner: -; Tablespace: 
--

ALTER TABLE ONLY woz_objects
    ADD CONSTRAINT woz_objects_pkey PRIMARY KEY (id);


--
-- Name: zaak_bag_pkey; Type: CONSTRAINT; Schema: public; Owner: -; Tablespace: 
--

ALTER TABLE ONLY zaak_bag
    ADD CONSTRAINT zaak_bag_pkey PRIMARY KEY (id);


--
-- Name: zaak_betrokkenen_pkey; Type: CONSTRAINT; Schema: public; Owner: -; Tablespace: 
--

ALTER TABLE ONLY zaak_betrokkenen
    ADD CONSTRAINT zaak_betrokkenen_pkey PRIMARY KEY (id);


--
-- Name: zaak_kenmerk_pkey; Type: CONSTRAINT; Schema: public; Owner: -; Tablespace: 
--

ALTER TABLE ONLY zaak_kenmerk
    ADD CONSTRAINT zaak_kenmerk_pkey PRIMARY KEY (id);


--
-- Name: zaak_kenmerk_zaak_id_key; Type: CONSTRAINT; Schema: public; Owner: -; Tablespace: 
--

ALTER TABLE ONLY zaak_kenmerk
    ADD CONSTRAINT zaak_kenmerk_zaak_id_key UNIQUE (zaak_id, bibliotheek_kenmerken_id, value);


--
-- Name: zaak_meta_pkey; Type: CONSTRAINT; Schema: public; Owner: -; Tablespace: 
--

ALTER TABLE ONLY zaak_meta
    ADD CONSTRAINT zaak_meta_pkey PRIMARY KEY (id);


--
-- Name: zaak_onafgerond_pkey; Type: CONSTRAINT; Schema: public; Owner: -; Tablespace: 
--

ALTER TABLE ONLY zaak_onafgerond
    ADD CONSTRAINT zaak_onafgerond_pkey PRIMARY KEY (zaaktype_id, betrokkene);


--
-- Name: zaak_pkey; Type: CONSTRAINT; Schema: public; Owner: -; Tablespace: 
--

ALTER TABLE ONLY zaak
    ADD CONSTRAINT zaak_pkey PRIMARY KEY (id);


--
-- Name: zaak_subcase_pkey; Type: CONSTRAINT; Schema: public; Owner: -; Tablespace: 
--

ALTER TABLE ONLY zaak_subcase
    ADD CONSTRAINT zaak_subcase_pkey PRIMARY KEY (id);


--
-- Name: zaaktype_authorisation_pkey; Type: CONSTRAINT; Schema: public; Owner: -; Tablespace: 
--

ALTER TABLE ONLY zaaktype_authorisation
    ADD CONSTRAINT zaaktype_authorisation_pkey PRIMARY KEY (id);


--
-- Name: zaaktype_betrokkenen_pkey; Type: CONSTRAINT; Schema: public; Owner: -; Tablespace: 
--

ALTER TABLE ONLY zaaktype_betrokkenen
    ADD CONSTRAINT zaaktype_betrokkenen_pkey PRIMARY KEY (id);


--
-- Name: zaaktype_checklist_item_pkey; Type: CONSTRAINT; Schema: public; Owner: -; Tablespace: 
--

ALTER TABLE ONLY zaaktype_status_checklist_item
    ADD CONSTRAINT zaaktype_checklist_item_pkey PRIMARY KEY (id);


--
-- Name: zaaktype_definitie_pkey; Type: CONSTRAINT; Schema: public; Owner: -; Tablespace: 
--

ALTER TABLE ONLY zaaktype_definitie
    ADD CONSTRAINT zaaktype_definitie_pkey PRIMARY KEY (id);


--
-- Name: zaaktype_kenmerken_pkey; Type: CONSTRAINT; Schema: public; Owner: -; Tablespace: 
--

ALTER TABLE ONLY zaaktype_kenmerken
    ADD CONSTRAINT zaaktype_kenmerken_pkey PRIMARY KEY (id);


--
-- Name: zaaktype_node_pkey; Type: CONSTRAINT; Schema: public; Owner: -; Tablespace: 
--

ALTER TABLE ONLY zaaktype_node
    ADD CONSTRAINT zaaktype_node_pkey PRIMARY KEY (id);


--
-- Name: zaaktype_notificatie_pkey; Type: CONSTRAINT; Schema: public; Owner: -; Tablespace: 
--

ALTER TABLE ONLY zaaktype_notificatie
    ADD CONSTRAINT zaaktype_notificatie_pkey PRIMARY KEY (id);


--
-- Name: zaaktype_pkey; Type: CONSTRAINT; Schema: public; Owner: -; Tablespace: 
--

ALTER TABLE ONLY zaaktype
    ADD CONSTRAINT zaaktype_pkey PRIMARY KEY (id);


--
-- Name: zaaktype_regel_pkey; Type: CONSTRAINT; Schema: public; Owner: -; Tablespace: 
--

ALTER TABLE ONLY zaaktype_regel
    ADD CONSTRAINT zaaktype_regel_pkey PRIMARY KEY (id);


--
-- Name: zaaktype_relatie_pkey; Type: CONSTRAINT; Schema: public; Owner: -; Tablespace: 
--

ALTER TABLE ONLY zaaktype_relatie
    ADD CONSTRAINT zaaktype_relatie_pkey PRIMARY KEY (id);


--
-- Name: zaaktype_resultaten_pkey; Type: CONSTRAINT; Schema: public; Owner: -; Tablespace: 
--

ALTER TABLE ONLY zaaktype_resultaten
    ADD CONSTRAINT zaaktype_resultaten_pkey PRIMARY KEY (id);


--
-- Name: zaaktype_sjablonen_pkey; Type: CONSTRAINT; Schema: public; Owner: -; Tablespace: 
--

ALTER TABLE ONLY zaaktype_sjablonen
    ADD CONSTRAINT zaaktype_sjablonen_pkey PRIMARY KEY (id);


--
-- Name: zaaktype_status_pkey; Type: CONSTRAINT; Schema: public; Owner: -; Tablespace: 
--

ALTER TABLE ONLY zaaktype_status
    ADD CONSTRAINT zaaktype_status_pkey PRIMARY KEY (id);


--
-- Name: beheer_import_log_idx_import_id; Type: INDEX; Schema: public; Owner: -; Tablespace: 
--

CREATE INDEX beheer_import_log_idx_import_id ON beheer_import_log USING btree (import_id);


--
-- Name: bibliotheek_kenmerken_values_idx_bibliotheek_kenmerken_id; Type: INDEX; Schema: public; Owner: -; Tablespace: 
--

CREATE INDEX bibliotheek_kenmerken_values_idx_bibliotheek_kenmerken_id ON bibliotheek_kenmerken_values USING btree (bibliotheek_kenmerken_id);


--
-- Name: gm_natuurlijk_persoon_idx_adres_id; Type: INDEX; Schema: public; Owner: -; Tablespace: 
--

CREATE INDEX gm_natuurlijk_persoon_idx_adres_id ON gm_natuurlijk_persoon USING btree (adres_id);


--
-- Name: logging_component_id_idx; Type: INDEX; Schema: public; Owner: -; Tablespace: 
--

CREATE INDEX logging_component_id_idx ON logging USING btree (component_id) WHERE (component_id IS NOT NULL);


--
-- Name: logging_component_idx; Type: INDEX; Schema: public; Owner: -; Tablespace: 
--

CREATE INDEX logging_component_idx ON logging USING btree (component) WHERE (component IS NOT NULL);


--
-- Name: logging_zaak_id_idx; Type: INDEX; Schema: public; Owner: -; Tablespace: 
--

CREATE INDEX logging_zaak_id_idx ON logging USING btree (zaak_id);


--
-- Name: natuurlijk_persoon_burgerservicenummer; Type: INDEX; Schema: public; Owner: -; Tablespace: 
--

CREATE INDEX natuurlijk_persoon_burgerservicenummer ON natuurlijk_persoon USING btree (burgerservicenummer);


--
-- Name: natuurlijk_persoon_idx_adres_id; Type: INDEX; Schema: public; Owner: -; Tablespace: 
--

CREATE INDEX natuurlijk_persoon_idx_adres_id ON natuurlijk_persoon USING btree (adres_id);


--
-- Name: zaak_betrokkenen_gegevens_magazijn_index; Type: INDEX; Schema: public; Owner: -; Tablespace: 
--

CREATE INDEX zaak_betrokkenen_gegevens_magazijn_index ON zaak_betrokkenen USING btree (gegevens_magazijn_id);


--
-- Name: zaaktype_authorisation_idx_zaaktype_node_id; Type: INDEX; Schema: public; Owner: -; Tablespace: 
--

CREATE INDEX zaaktype_authorisation_idx_zaaktype_node_id ON zaaktype_authorisation USING btree (zaaktype_node_id);


--
-- Name: zaaktype_betrokkenen_idx_zaaktype_node_id; Type: INDEX; Schema: public; Owner: -; Tablespace: 
--

CREATE INDEX zaaktype_betrokkenen_idx_zaaktype_node_id ON zaaktype_betrokkenen USING btree (zaaktype_node_id);


--
-- Name: zaaktype_idx_zaaktype_node_id; Type: INDEX; Schema: public; Owner: -; Tablespace: 
--

CREATE INDEX zaaktype_idx_zaaktype_node_id ON zaaktype USING btree (zaaktype_node_id);


--
-- Name: zaaktype_node_idx_zaaktype_id; Type: INDEX; Schema: public; Owner: -; Tablespace: 
--

CREATE INDEX zaaktype_node_idx_zaaktype_id ON zaaktype_node USING btree (zaaktype_id);


--
-- Name: zaaktype_relatie_idx_relatie_zaaktype_id; Type: INDEX; Schema: public; Owner: -; Tablespace: 
--

CREATE INDEX zaaktype_relatie_idx_relatie_zaaktype_id ON zaaktype_relatie USING btree (relatie_zaaktype_id);


--
-- Name: zaaktype_relatie_idx_zaaktype_node_id; Type: INDEX; Schema: public; Owner: -; Tablespace: 
--

CREATE INDEX zaaktype_relatie_idx_zaaktype_node_id ON zaaktype_relatie USING btree (zaaktype_node_id);


--
-- Name: zaaktype_relatie_idx_zaaktype_status_id; Type: INDEX; Schema: public; Owner: -; Tablespace: 
--

CREATE INDEX zaaktype_relatie_idx_zaaktype_status_id ON zaaktype_relatie USING btree (zaaktype_status_id);


--
-- Name: zaaktype_resultaten_idx_zaaktype_node_id; Type: INDEX; Schema: public; Owner: -; Tablespace: 
--

CREATE INDEX zaaktype_resultaten_idx_zaaktype_node_id ON zaaktype_resultaten USING btree (zaaktype_node_id);


--
-- Name: zaaktype_resultaten_idx_zaaktype_status_id; Type: INDEX; Schema: public; Owner: -; Tablespace: 
--

CREATE INDEX zaaktype_resultaten_idx_zaaktype_status_id ON zaaktype_resultaten USING btree (zaaktype_status_id);


--
-- Name: zaaktype_status_idx_zaaktype_node_id; Type: INDEX; Schema: public; Owner: -; Tablespace: 
--

CREATE INDEX zaaktype_status_idx_zaaktype_node_id ON zaaktype_status USING btree (zaaktype_node_id);


--
-- Name: beheer_import_log_import_id_fkey; Type: FK CONSTRAINT; Schema: public; Owner: -
--

ALTER TABLE ONLY beheer_import_log
    ADD CONSTRAINT beheer_import_log_import_id_fkey FOREIGN KEY (import_id) REFERENCES beheer_import(id);


--
-- Name: bibliotheek_categorie_pid_fkey; Type: FK CONSTRAINT; Schema: public; Owner: -
--

ALTER TABLE ONLY bibliotheek_categorie
    ADD CONSTRAINT bibliotheek_categorie_pid_fkey FOREIGN KEY (pid) REFERENCES bibliotheek_categorie(id);


--
-- Name: bibliotheek_kenmerken_bibliotheek_categorie_id_fkey; Type: FK CONSTRAINT; Schema: public; Owner: -
--

ALTER TABLE ONLY bibliotheek_kenmerken
    ADD CONSTRAINT bibliotheek_kenmerken_bibliotheek_categorie_id_fkey FOREIGN KEY (bibliotheek_categorie_id) REFERENCES bibliotheek_categorie(id);


--
-- Name: bibliotheek_kenmerken_file_metadata_id_fkey; Type: FK CONSTRAINT; Schema: public; Owner: -
--

ALTER TABLE ONLY bibliotheek_kenmerken
    ADD CONSTRAINT bibliotheek_kenmerken_file_metadata_id_fkey FOREIGN KEY (file_metadata_id) REFERENCES file_metadata(id);


--
-- Name: bibliotheek_kenmerken_values_bibliotheek_kenmerken_id_fkey; Type: FK CONSTRAINT; Schema: public; Owner: -
--

ALTER TABLE ONLY bibliotheek_kenmerken_values
    ADD CONSTRAINT bibliotheek_kenmerken_values_bibliotheek_kenmerken_id_fkey FOREIGN KEY (bibliotheek_kenmerken_id) REFERENCES bibliotheek_kenmerken(id) ON UPDATE CASCADE ON DELETE CASCADE DEFERRABLE;


--
-- Name: bibliotheek_notificatie_kenmerk_bibliotheek_kenmerken_id_fkey; Type: FK CONSTRAINT; Schema: public; Owner: -
--

ALTER TABLE ONLY bibliotheek_notificatie_kenmerk
    ADD CONSTRAINT bibliotheek_notificatie_kenmerk_bibliotheek_kenmerken_id_fkey FOREIGN KEY (bibliotheek_kenmerken_id) REFERENCES bibliotheek_kenmerken(id);


--
-- Name: bibliotheek_notificatie_kenmerk_bibliotheek_notificatie_id_fkey; Type: FK CONSTRAINT; Schema: public; Owner: -
--

ALTER TABLE ONLY bibliotheek_notificatie_kenmerk
    ADD CONSTRAINT bibliotheek_notificatie_kenmerk_bibliotheek_notificatie_id_fkey FOREIGN KEY (bibliotheek_notificatie_id) REFERENCES bibliotheek_notificaties(id);


--
-- Name: bibliotheek_notificaties_bibliotheek_categorie_id_fkey; Type: FK CONSTRAINT; Schema: public; Owner: -
--

ALTER TABLE ONLY bibliotheek_notificaties
    ADD CONSTRAINT bibliotheek_notificaties_bibliotheek_categorie_id_fkey FOREIGN KEY (bibliotheek_categorie_id) REFERENCES bibliotheek_categorie(id);


--
-- Name: bibliotheek_sjablonen_bibliotheek_categorie_id_fkey; Type: FK CONSTRAINT; Schema: public; Owner: -
--

ALTER TABLE ONLY bibliotheek_sjablonen
    ADD CONSTRAINT bibliotheek_sjablonen_bibliotheek_categorie_id_fkey FOREIGN KEY (bibliotheek_categorie_id) REFERENCES bibliotheek_categorie(id);


--
-- Name: bibliotheek_sjablonen_filestore_id_fkey; Type: FK CONSTRAINT; Schema: public; Owner: -
--

ALTER TABLE ONLY bibliotheek_sjablonen
    ADD CONSTRAINT bibliotheek_sjablonen_filestore_id_fkey FOREIGN KEY (filestore_id) REFERENCES filestore(id);


--
-- Name: bibliotheek_sjablonen_magic_strin_bibliotheek_sjablonen_id_fkey; Type: FK CONSTRAINT; Schema: public; Owner: -
--

ALTER TABLE ONLY bibliotheek_sjablonen_magic_string
    ADD CONSTRAINT bibliotheek_sjablonen_magic_strin_bibliotheek_sjablonen_id_fkey FOREIGN KEY (bibliotheek_sjablonen_id) REFERENCES bibliotheek_sjablonen(id);


--
-- Name: case_actions_case_id_fkey; Type: FK CONSTRAINT; Schema: public; Owner: -
--

ALTER TABLE ONLY case_action
    ADD CONSTRAINT case_actions_case_id_fkey FOREIGN KEY (case_id) REFERENCES zaak(id);


--
-- Name: case_actions_casetype_status_id_fkey; Type: FK CONSTRAINT; Schema: public; Owner: -
--

ALTER TABLE ONLY case_action
    ADD CONSTRAINT case_actions_casetype_status_id_fkey FOREIGN KEY (casetype_status_id) REFERENCES zaaktype_status(id);


--
-- Name: case_relation_case_id_a_fkey; Type: FK CONSTRAINT; Schema: public; Owner: -
--

ALTER TABLE ONLY case_relation
    ADD CONSTRAINT case_relation_case_id_a_fkey FOREIGN KEY (case_id_a) REFERENCES zaak(id);


--
-- Name: case_relation_case_id_b_fkey; Type: FK CONSTRAINT; Schema: public; Owner: -
--

ALTER TABLE ONLY case_relation
    ADD CONSTRAINT case_relation_case_id_b_fkey FOREIGN KEY (case_id_b) REFERENCES zaak(id);


--
-- Name: checklist_case_id_fkey; Type: FK CONSTRAINT; Schema: public; Owner: -
--

ALTER TABLE ONLY checklist
    ADD CONSTRAINT checklist_case_id_fkey FOREIGN KEY (case_id) REFERENCES zaak(id);


--
-- Name: checklist_item_checklist_id_fkey; Type: FK CONSTRAINT; Schema: public; Owner: -
--

ALTER TABLE ONLY checklist_item
    ADD CONSTRAINT checklist_item_checklist_id_fkey FOREIGN KEY (checklist_id) REFERENCES checklist(id);


--
-- Name: contactmoment_case_id_fkey; Type: FK CONSTRAINT; Schema: public; Owner: -
--

ALTER TABLE ONLY contactmoment
    ADD CONSTRAINT contactmoment_case_id_fkey FOREIGN KEY (case_id) REFERENCES zaak(id);


--
-- Name: contactmoment_email_contactmoment_id_fkey; Type: FK CONSTRAINT; Schema: public; Owner: -
--

ALTER TABLE ONLY contactmoment_email
    ADD CONSTRAINT contactmoment_email_contactmoment_id_fkey FOREIGN KEY (contactmoment_id) REFERENCES contactmoment(id);


--
-- Name: contactmoment_email_filestore_id_fkey; Type: FK CONSTRAINT; Schema: public; Owner: -
--

ALTER TABLE ONLY contactmoment_email
    ADD CONSTRAINT contactmoment_email_filestore_id_fkey FOREIGN KEY (filestore_id) REFERENCES filestore(id);


--
-- Name: contactmoment_note_contactmoment_id_fkey; Type: FK CONSTRAINT; Schema: public; Owner: -
--

ALTER TABLE ONLY contactmoment_note
    ADD CONSTRAINT contactmoment_note_contactmoment_id_fkey FOREIGN KEY (contactmoment_id) REFERENCES contactmoment(id);


--
-- Name: directory_case_id_fkey; Type: FK CONSTRAINT; Schema: public; Owner: -
--

ALTER TABLE ONLY directory
    ADD CONSTRAINT directory_case_id_fkey FOREIGN KEY (case_id) REFERENCES zaak(id);


--
-- Name: file_case_id_fkey; Type: FK CONSTRAINT; Schema: public; Owner: -
--

ALTER TABLE ONLY file
    ADD CONSTRAINT file_case_id_fkey FOREIGN KEY (case_id) REFERENCES zaak(id);


--
-- Name: file_case_type_document_id_fkey; Type: FK CONSTRAINT; Schema: public; Owner: -
--

ALTER TABLE ONLY file
    ADD CONSTRAINT file_case_type_document_id_fkey FOREIGN KEY (case_type_document_id) REFERENCES zaaktype_kenmerken(id);


--
-- Name: file_directory_id_fkey; Type: FK CONSTRAINT; Schema: public; Owner: -
--

ALTER TABLE ONLY file
    ADD CONSTRAINT file_directory_id_fkey FOREIGN KEY (directory_id) REFERENCES directory(id);


--
-- Name: file_filestore_id_fkey; Type: FK CONSTRAINT; Schema: public; Owner: -
--

ALTER TABLE ONLY file
    ADD CONSTRAINT file_filestore_id_fkey FOREIGN KEY (filestore_id) REFERENCES filestore(id);


--
-- Name: file_metadata_id_fkey; Type: FK CONSTRAINT; Schema: public; Owner: -
--

ALTER TABLE ONLY file
    ADD CONSTRAINT file_metadata_id_fkey FOREIGN KEY (metadata_id) REFERENCES file_metadata(id);


--
-- Name: file_root_file_id_fkey; Type: FK CONSTRAINT; Schema: public; Owner: -
--

ALTER TABLE ONLY file
    ADD CONSTRAINT file_root_file_id_fkey FOREIGN KEY (root_file_id) REFERENCES file(id);


--
-- Name: file_scheduled_jobs_id_fkey; Type: FK CONSTRAINT; Schema: public; Owner: -
--

ALTER TABLE ONLY file
    ADD CONSTRAINT file_scheduled_jobs_id_fkey FOREIGN KEY (scheduled_jobs_id) REFERENCES scheduled_jobs(id);


--
-- Name: gm_natuurlijk_persoon_adres_id_fkey; Type: FK CONSTRAINT; Schema: public; Owner: -
--

ALTER TABLE ONLY gm_natuurlijk_persoon
    ADD CONSTRAINT gm_natuurlijk_persoon_adres_id_fkey FOREIGN KEY (adres_id) REFERENCES gm_adres(id) ON UPDATE CASCADE ON DELETE CASCADE DEFERRABLE;


--
-- Name: kennisbank_producten_bibliotheek_categorie_id_fkey; Type: FK CONSTRAINT; Schema: public; Owner: -
--

ALTER TABLE ONLY kennisbank_producten
    ADD CONSTRAINT kennisbank_producten_bibliotheek_categorie_id_fkey FOREIGN KEY (bibliotheek_categorie_id) REFERENCES bibliotheek_categorie(id);


--
-- Name: kennisbank_producten_pid_fkey; Type: FK CONSTRAINT; Schema: public; Owner: -
--

ALTER TABLE ONLY kennisbank_producten
    ADD CONSTRAINT kennisbank_producten_pid_fkey FOREIGN KEY (pid) REFERENCES kennisbank_producten(id);


--
-- Name: kennisbank_relaties_kennisbank_producten_id_fkey; Type: FK CONSTRAINT; Schema: public; Owner: -
--

ALTER TABLE ONLY kennisbank_relaties
    ADD CONSTRAINT kennisbank_relaties_kennisbank_producten_id_fkey FOREIGN KEY (kennisbank_producten_id) REFERENCES kennisbank_producten(id);


--
-- Name: kennisbank_relaties_kennisbank_vragen_id_fkey; Type: FK CONSTRAINT; Schema: public; Owner: -
--

ALTER TABLE ONLY kennisbank_relaties
    ADD CONSTRAINT kennisbank_relaties_kennisbank_vragen_id_fkey FOREIGN KEY (kennisbank_vragen_id) REFERENCES kennisbank_vragen(id);


--
-- Name: kennisbank_relaties_zaaktype_id_fkey; Type: FK CONSTRAINT; Schema: public; Owner: -
--

ALTER TABLE ONLY kennisbank_relaties
    ADD CONSTRAINT kennisbank_relaties_zaaktype_id_fkey FOREIGN KEY (zaaktype_id) REFERENCES zaaktype(id);


--
-- Name: kennisbank_vragen_bibliotheek_categorie_id_fkey; Type: FK CONSTRAINT; Schema: public; Owner: -
--

ALTER TABLE ONLY kennisbank_vragen
    ADD CONSTRAINT kennisbank_vragen_bibliotheek_categorie_id_fkey FOREIGN KEY (bibliotheek_categorie_id) REFERENCES bibliotheek_categorie(id);


--
-- Name: kennisbank_vragen_pid_fkey; Type: FK CONSTRAINT; Schema: public; Owner: -
--

ALTER TABLE ONLY kennisbank_vragen
    ADD CONSTRAINT kennisbank_vragen_pid_fkey FOREIGN KEY (pid) REFERENCES kennisbank_vragen(id);


--
-- Name: natuurlijk_persoon_adres_id_fk; Type: FK CONSTRAINT; Schema: public; Owner: -
--

ALTER TABLE ONLY natuurlijk_persoon
    ADD CONSTRAINT natuurlijk_persoon_adres_id_fk FOREIGN KEY (adres_id) REFERENCES adres(id);


--
-- Name: sbus_logging_pid_fkey; Type: FK CONSTRAINT; Schema: public; Owner: -
--

ALTER TABLE ONLY sbus_logging
    ADD CONSTRAINT sbus_logging_pid_fkey FOREIGN KEY (pid) REFERENCES sbus_logging(id);


--
-- Name: sbus_logging_sbus_traffic_id_fkey; Type: FK CONSTRAINT; Schema: public; Owner: -
--

ALTER TABLE ONLY sbus_logging
    ADD CONSTRAINT sbus_logging_sbus_traffic_id_fkey FOREIGN KEY (sbus_traffic_id) REFERENCES sbus_traffic(id);


--
-- Name: search_query_delen_search_query_id_fkey; Type: FK CONSTRAINT; Schema: public; Owner: -
--

ALTER TABLE ONLY search_query_delen
    ADD CONSTRAINT search_query_delen_search_query_id_fkey FOREIGN KEY (search_query_id) REFERENCES search_query(id);


--
-- Name: seen_kennisbank_producten_id_fkey; Type: FK CONSTRAINT; Schema: public; Owner: -
--

ALTER TABLE ONLY seen
    ADD CONSTRAINT seen_kennisbank_producten_id_fkey FOREIGN KEY (kennisbank_producten_id) REFERENCES kennisbank_producten(id);


--
-- Name: seen_kennisbank_vragen_id_fkey; Type: FK CONSTRAINT; Schema: public; Owner: -
--

ALTER TABLE ONLY seen
    ADD CONSTRAINT seen_kennisbank_vragen_id_fkey FOREIGN KEY (kennisbank_vragen_id) REFERENCES kennisbank_vragen(id);


--
-- Name: zaak_aanvrager_fkey; Type: FK CONSTRAINT; Schema: public; Owner: -
--

ALTER TABLE ONLY zaak
    ADD CONSTRAINT zaak_aanvrager_fkey FOREIGN KEY (aanvrager) REFERENCES zaak_betrokkenen(id);


--
-- Name: zaak_bag_pid_fkey; Type: FK CONSTRAINT; Schema: public; Owner: -
--

ALTER TABLE ONLY zaak_bag
    ADD CONSTRAINT zaak_bag_pid_fkey FOREIGN KEY (pid) REFERENCES zaak_bag(id);


--
-- Name: zaak_bag_zaak_id_fkey; Type: FK CONSTRAINT; Schema: public; Owner: -
--

ALTER TABLE ONLY zaak_bag
    ADD CONSTRAINT zaak_bag_zaak_id_fkey FOREIGN KEY (zaak_id) REFERENCES zaak(id);


--
-- Name: zaak_behandelaar_fkey; Type: FK CONSTRAINT; Schema: public; Owner: -
--

ALTER TABLE ONLY zaak
    ADD CONSTRAINT zaak_behandelaar_fkey FOREIGN KEY (behandelaar) REFERENCES zaak_betrokkenen(id);


--
-- Name: zaak_betrokkenen_zaak_id_fkey; Type: FK CONSTRAINT; Schema: public; Owner: -
--

ALTER TABLE ONLY zaak_betrokkenen
    ADD CONSTRAINT zaak_betrokkenen_zaak_id_fkey FOREIGN KEY (zaak_id) REFERENCES zaak(id);


--
-- Name: zaak_coordinator_fkey; Type: FK CONSTRAINT; Schema: public; Owner: -
--

ALTER TABLE ONLY zaak
    ADD CONSTRAINT zaak_coordinator_fkey FOREIGN KEY (coordinator) REFERENCES zaak_betrokkenen(id);


--
-- Name: zaak_id_fkey; Type: FK CONSTRAINT; Schema: public; Owner: -
--

ALTER TABLE ONLY logging
    ADD CONSTRAINT zaak_id_fkey FOREIGN KEY (zaak_id) REFERENCES zaak(id);


--
-- Name: zaak_kenmerk_bibliotheek_kenmerken_id_fkey; Type: FK CONSTRAINT; Schema: public; Owner: -
--

ALTER TABLE ONLY zaak_kenmerk
    ADD CONSTRAINT zaak_kenmerk_bibliotheek_kenmerken_id_fkey FOREIGN KEY (bibliotheek_kenmerken_id) REFERENCES bibliotheek_kenmerken(id);


--
-- Name: zaak_kenmerk_zaak_id_fkey; Type: FK CONSTRAINT; Schema: public; Owner: -
--

ALTER TABLE ONLY zaak_kenmerk
    ADD CONSTRAINT zaak_kenmerk_zaak_id_fkey FOREIGN KEY (zaak_id) REFERENCES zaak(id);


--
-- Name: zaak_locatie_correspondentie_fkey; Type: FK CONSTRAINT; Schema: public; Owner: -
--

ALTER TABLE ONLY zaak
    ADD CONSTRAINT zaak_locatie_correspondentie_fkey FOREIGN KEY (locatie_correspondentie) REFERENCES zaak_bag(id);


--
-- Name: zaak_locatie_zaak_fkey; Type: FK CONSTRAINT; Schema: public; Owner: -
--

ALTER TABLE ONLY zaak
    ADD CONSTRAINT zaak_locatie_zaak_fkey FOREIGN KEY (locatie_zaak) REFERENCES zaak_bag(id);


--
-- Name: zaak_meta_zaak_id_fkey; Type: FK CONSTRAINT; Schema: public; Owner: -
--

ALTER TABLE ONLY zaak_meta
    ADD CONSTRAINT zaak_meta_zaak_id_fkey FOREIGN KEY (zaak_id) REFERENCES zaak(id);


--
-- Name: zaak_pid_fk; Type: FK CONSTRAINT; Schema: public; Owner: -
--

ALTER TABLE ONLY zaak
    ADD CONSTRAINT zaak_pid_fk FOREIGN KEY (pid) REFERENCES zaak(id);


--
-- Name: zaak_pid_fkey; Type: FK CONSTRAINT; Schema: public; Owner: -
--

ALTER TABLE ONLY zaak
    ADD CONSTRAINT zaak_pid_fkey FOREIGN KEY (pid) REFERENCES zaak(id);


--
-- Name: zaak_relates_to_fkey; Type: FK CONSTRAINT; Schema: public; Owner: -
--

ALTER TABLE ONLY zaak
    ADD CONSTRAINT zaak_relates_to_fkey FOREIGN KEY (relates_to) REFERENCES zaak(id);


--
-- Name: zaak_subcase_relation_zaak_id_fkey; Type: FK CONSTRAINT; Schema: public; Owner: -
--

ALTER TABLE ONLY zaak_subcase
    ADD CONSTRAINT zaak_subcase_relation_zaak_id_fkey FOREIGN KEY (relation_zaak_id) REFERENCES zaak(id);


--
-- Name: zaak_subcase_zaak_id_fkey; Type: FK CONSTRAINT; Schema: public; Owner: -
--

ALTER TABLE ONLY zaak_subcase
    ADD CONSTRAINT zaak_subcase_zaak_id_fkey FOREIGN KEY (zaak_id) REFERENCES zaak(id);


--
-- Name: zaak_vervolg_van_fkey; Type: FK CONSTRAINT; Schema: public; Owner: -
--

ALTER TABLE ONLY zaak
    ADD CONSTRAINT zaak_vervolg_van_fkey FOREIGN KEY (vervolg_van) REFERENCES zaak(id);


--
-- Name: zaak_zaaktype_id_fkey; Type: FK CONSTRAINT; Schema: public; Owner: -
--

ALTER TABLE ONLY zaak
    ADD CONSTRAINT zaak_zaaktype_id_fkey FOREIGN KEY (zaaktype_id) REFERENCES zaaktype(id);


--
-- Name: zaak_zaaktype_id_fkey; Type: FK CONSTRAINT; Schema: public; Owner: -
--

ALTER TABLE ONLY zaak_onafgerond
    ADD CONSTRAINT zaak_zaaktype_id_fkey FOREIGN KEY (zaaktype_id) REFERENCES zaaktype(id);


--
-- Name: zaak_zaaktype_node_id_fkey; Type: FK CONSTRAINT; Schema: public; Owner: -
--

ALTER TABLE ONLY zaak
    ADD CONSTRAINT zaak_zaaktype_node_id_fkey FOREIGN KEY (zaaktype_node_id) REFERENCES zaaktype_node(id);


--
-- Name: zaaktype_authorisation_zaaktype_id_fkey; Type: FK CONSTRAINT; Schema: public; Owner: -
--

ALTER TABLE ONLY zaaktype_authorisation
    ADD CONSTRAINT zaaktype_authorisation_zaaktype_id_fkey FOREIGN KEY (zaaktype_id) REFERENCES zaaktype(id);


--
-- Name: zaaktype_authorisation_zaaktype_node_id_fkey; Type: FK CONSTRAINT; Schema: public; Owner: -
--

ALTER TABLE ONLY zaaktype_authorisation
    ADD CONSTRAINT zaaktype_authorisation_zaaktype_node_id_fkey FOREIGN KEY (zaaktype_node_id) REFERENCES zaaktype_node(id) ON UPDATE CASCADE ON DELETE CASCADE DEFERRABLE;


--
-- Name: zaaktype_betrokkenen_zaaktype_node_id_fkey; Type: FK CONSTRAINT; Schema: public; Owner: -
--

ALTER TABLE ONLY zaaktype_betrokkenen
    ADD CONSTRAINT zaaktype_betrokkenen_zaaktype_node_id_fkey FOREIGN KEY (zaaktype_node_id) REFERENCES zaaktype_node(id) ON UPDATE CASCADE ON DELETE CASCADE DEFERRABLE;


--
-- Name: zaaktype_bibliotheek_categorie_id_fkey; Type: FK CONSTRAINT; Schema: public; Owner: -
--

ALTER TABLE ONLY zaaktype
    ADD CONSTRAINT zaaktype_bibliotheek_categorie_id_fkey FOREIGN KEY (bibliotheek_categorie_id) REFERENCES bibliotheek_categorie(id) DEFERRABLE;


--
-- Name: zaaktype_kenmerken_bibliotheek_kenmerken_id_fkey; Type: FK CONSTRAINT; Schema: public; Owner: -
--

ALTER TABLE ONLY zaaktype_kenmerken
    ADD CONSTRAINT zaaktype_kenmerken_bibliotheek_kenmerken_id_fkey FOREIGN KEY (bibliotheek_kenmerken_id) REFERENCES bibliotheek_kenmerken(id);


--
-- Name: zaaktype_kenmerken_zaak_status_id_fkey; Type: FK CONSTRAINT; Schema: public; Owner: -
--

ALTER TABLE ONLY zaaktype_kenmerken
    ADD CONSTRAINT zaaktype_kenmerken_zaak_status_id_fkey FOREIGN KEY (zaak_status_id) REFERENCES zaaktype_status(id);


--
-- Name: zaaktype_kenmerken_zaaktype_node_id_fkey; Type: FK CONSTRAINT; Schema: public; Owner: -
--

ALTER TABLE ONLY zaaktype_kenmerken
    ADD CONSTRAINT zaaktype_kenmerken_zaaktype_node_id_fkey FOREIGN KEY (zaaktype_node_id) REFERENCES zaaktype_node(id);


--
-- Name: zaaktype_node_zaaktype_definitie_id_fkey; Type: FK CONSTRAINT; Schema: public; Owner: -
--

ALTER TABLE ONLY zaaktype_node
    ADD CONSTRAINT zaaktype_node_zaaktype_definitie_id_fkey FOREIGN KEY (zaaktype_definitie_id) REFERENCES zaaktype_definitie(id) DEFERRABLE;


--
-- Name: zaaktype_node_zaaktype_id_fkey; Type: FK CONSTRAINT; Schema: public; Owner: -
--

ALTER TABLE ONLY zaaktype_node
    ADD CONSTRAINT zaaktype_node_zaaktype_id_fkey FOREIGN KEY (zaaktype_id) REFERENCES zaaktype(id) ON UPDATE CASCADE ON DELETE CASCADE DEFERRABLE;


--
-- Name: zaaktype_notificatie_zaak_status_id_fkey; Type: FK CONSTRAINT; Schema: public; Owner: -
--

ALTER TABLE ONLY zaaktype_notificatie
    ADD CONSTRAINT zaaktype_notificatie_zaak_status_id_fkey FOREIGN KEY (zaak_status_id) REFERENCES zaaktype_status(id);


--
-- Name: zaaktype_notificatie_zaaktype_node_id_fkey; Type: FK CONSTRAINT; Schema: public; Owner: -
--

ALTER TABLE ONLY zaaktype_notificatie
    ADD CONSTRAINT zaaktype_notificatie_zaaktype_node_id_fkey FOREIGN KEY (zaaktype_node_id) REFERENCES zaaktype_node(id);


--
-- Name: zaaktype_regel_zaak_status_id_fkey; Type: FK CONSTRAINT; Schema: public; Owner: -
--

ALTER TABLE ONLY zaaktype_regel
    ADD CONSTRAINT zaaktype_regel_zaak_status_id_fkey FOREIGN KEY (zaak_status_id) REFERENCES zaaktype_status(id);


--
-- Name: zaaktype_regel_zaaktype_node_id_fkey; Type: FK CONSTRAINT; Schema: public; Owner: -
--

ALTER TABLE ONLY zaaktype_regel
    ADD CONSTRAINT zaaktype_regel_zaaktype_node_id_fkey FOREIGN KEY (zaaktype_node_id) REFERENCES zaaktype_node(id);


--
-- Name: zaaktype_relatie_relatie_zaaktype_id_fkey; Type: FK CONSTRAINT; Schema: public; Owner: -
--

ALTER TABLE ONLY zaaktype_relatie
    ADD CONSTRAINT zaaktype_relatie_relatie_zaaktype_id_fkey FOREIGN KEY (relatie_zaaktype_id) REFERENCES zaaktype(id) ON UPDATE CASCADE ON DELETE CASCADE DEFERRABLE;


--
-- Name: zaaktype_relatie_zaaktype_node_id_fkey; Type: FK CONSTRAINT; Schema: public; Owner: -
--

ALTER TABLE ONLY zaaktype_relatie
    ADD CONSTRAINT zaaktype_relatie_zaaktype_node_id_fkey FOREIGN KEY (zaaktype_node_id) REFERENCES zaaktype_node(id) ON UPDATE CASCADE ON DELETE CASCADE DEFERRABLE;


--
-- Name: zaaktype_relatie_zaaktype_status_id_fkey; Type: FK CONSTRAINT; Schema: public; Owner: -
--

ALTER TABLE ONLY zaaktype_relatie
    ADD CONSTRAINT zaaktype_relatie_zaaktype_status_id_fkey FOREIGN KEY (zaaktype_status_id) REFERENCES zaaktype_status(id) ON UPDATE CASCADE ON DELETE CASCADE DEFERRABLE;


--
-- Name: zaaktype_resultaten_zaaktype_node_id_fkey; Type: FK CONSTRAINT; Schema: public; Owner: -
--

ALTER TABLE ONLY zaaktype_resultaten
    ADD CONSTRAINT zaaktype_resultaten_zaaktype_node_id_fkey FOREIGN KEY (zaaktype_node_id) REFERENCES zaaktype_node(id) ON UPDATE CASCADE ON DELETE CASCADE DEFERRABLE;


--
-- Name: zaaktype_resultaten_zaaktype_status_id_fkey; Type: FK CONSTRAINT; Schema: public; Owner: -
--

ALTER TABLE ONLY zaaktype_resultaten
    ADD CONSTRAINT zaaktype_resultaten_zaaktype_status_id_fkey FOREIGN KEY (zaaktype_status_id) REFERENCES zaaktype_status(id) ON UPDATE CASCADE ON DELETE CASCADE DEFERRABLE;


--
-- Name: zaaktype_sjablonen_bibliotheek_kenmerken_id_fkey; Type: FK CONSTRAINT; Schema: public; Owner: -
--

ALTER TABLE ONLY zaaktype_sjablonen
    ADD CONSTRAINT zaaktype_sjablonen_bibliotheek_kenmerken_id_fkey FOREIGN KEY (bibliotheek_kenmerken_id) REFERENCES bibliotheek_kenmerken(id) ON UPDATE CASCADE ON DELETE CASCADE DEFERRABLE;


--
-- Name: zaaktype_sjablonen_bibliotheek_sjablonen_id_fkey; Type: FK CONSTRAINT; Schema: public; Owner: -
--

ALTER TABLE ONLY zaaktype_sjablonen
    ADD CONSTRAINT zaaktype_sjablonen_bibliotheek_sjablonen_id_fkey FOREIGN KEY (bibliotheek_sjablonen_id) REFERENCES bibliotheek_sjablonen(id);


--
-- Name: zaaktype_sjablonen_zaak_status_id_fkey; Type: FK CONSTRAINT; Schema: public; Owner: -
--

ALTER TABLE ONLY zaaktype_sjablonen
    ADD CONSTRAINT zaaktype_sjablonen_zaak_status_id_fkey FOREIGN KEY (zaak_status_id) REFERENCES zaaktype_status(id);


--
-- Name: zaaktype_sjablonen_zaaktype_node_id_fkey; Type: FK CONSTRAINT; Schema: public; Owner: -
--

ALTER TABLE ONLY zaaktype_sjablonen
    ADD CONSTRAINT zaaktype_sjablonen_zaaktype_node_id_fkey FOREIGN KEY (zaaktype_node_id) REFERENCES zaaktype_node(id);


--
-- Name: zaaktype_status_checklist_item_zaaktype_status_id_fkey; Type: FK CONSTRAINT; Schema: public; Owner: -
--

ALTER TABLE ONLY zaaktype_status_checklist_item
    ADD CONSTRAINT zaaktype_status_checklist_item_zaaktype_status_id_fkey FOREIGN KEY (casetype_status_id) REFERENCES zaaktype_status(id);


--
-- Name: zaaktype_status_zaaktype_node_id_fkey; Type: FK CONSTRAINT; Schema: public; Owner: -
--

ALTER TABLE ONLY zaaktype_status
    ADD CONSTRAINT zaaktype_status_zaaktype_node_id_fkey FOREIGN KEY (zaaktype_node_id) REFERENCES zaaktype_node(id) ON UPDATE CASCADE ON DELETE CASCADE DEFERRABLE;


--
-- Name: zaaktype_zaaktype_node_id_fkey; Type: FK CONSTRAINT; Schema: public; Owner: -
--

ALTER TABLE ONLY zaaktype
    ADD CONSTRAINT zaaktype_zaaktype_node_id_fkey FOREIGN KEY (zaaktype_node_id) REFERENCES zaaktype_node(id) ON UPDATE CASCADE ON DELETE CASCADE DEFERRABLE;


--
-- Name: public; Type: ACL; Schema: -; Owner: -
--

REVOKE ALL ON SCHEMA public FROM PUBLIC;
REVOKE ALL ON SCHEMA public FROM postgres;
GRANT ALL ON SCHEMA public TO postgres;
GRANT ALL ON SCHEMA public TO PUBLIC;


--
-- PostgreSQL database dump complete
--

